rank,wallet,name,clan,n_ca,sum_vol_usd,first_add,last_add
1,4bNvR8AcTZnECdzvFmBPopEv78dBP62rArWGSnDvTpwA,"Bướm. nhạy, đi vol to",a,78,66778.54,2026-09-26T02:43:58.502Z,2026-09-26T05:56:07.846Z
2,8fSnLTnRViK83dDesivTsPx2wiRhwti9xoafeMGjEyLJ,,,67,0,2026-09-26T02:47:51.370Z,2026-09-26T13:19:09.006Z
3,CxCTVjvgK3bWcgavMKo8PushR8ycw1atrWiSTruZrdtT,W27. ăn 1m4 Ansem,a,62,149496.26,2026-09-26T03:39:57.617Z,2026-09-26T12:48:16.795Z
4,DYzEteqb4iWkaUMpfsC9FfFvFCEE3z27bpJbQJKjyLcg,SM 8,a,42,10332.95,2026-09-26T04:36:45.934Z,2026-09-26T13:38:04.884Z
5,34xJMhT72jXUyPnY34Kvh1hWSnVuA7F9NoRqgcC3jWr5,Rái cá. ăn Jimo + onlymarms,a,41,26040.0,2026-09-26T06:37:41.137Z,2026-09-26T13:52:33.653Z
6,DPAN2Vig8BokpQCCu4mtV1mTWYLS7ktKe1hHKVBcsayL,Grant Liu,a,40,35021.48,2026-09-26T02:40:37.775Z,2026-09-26T14:04:47.083Z
7,49foKJpRnZUaPKsDgnQhUFRMk7NX4zD5KgtVpxgvctLa,"U2. Ăn mấy con lớn, legit",a,40,95172.73,2026-09-26T05:59:55.553Z,2026-09-26T11:52:32.511Z
8,FfztZq1outrYfyYbKw5P4LGo4xUc4XYEdf7o91UdS7qu,Deployer/ Snip1,a,38,23415.74,2026-09-26T02:40:29.864Z,2026-09-26T14:06:12.914Z
9,BCrTEXmWutwPz8qv6w1S5gDbaLnSLpXKM5kSGVWyyfxu,Remus |. SPED,a,36,37669.2,2026-09-26T02:53:38.940Z,2026-09-26T14:17:23.900Z
10,6F5x9fKqXCfPf8Rufs6ZvLjzPfCicytUgWexzx6LxoDi,"PoorGoat, bet ít kèo mà ok",a,30,39559.59,2026-09-26T02:23:40.747Z,2026-09-26T11:41:34.137Z
11,4hwPamSooBr5JhxHdcEC21HoxN5HUwYR2hGucLPyZAi8,(W12) whale ăn gas 126k,a,29,70543.84,2026-09-26T02:43:15.314Z,2026-09-26T12:52:48.719Z
12,7jNRZuKsEXBEp8JSBbEKHsL42mw8WxveriEBthURg3oF,cryptoman,a,27,23651.51,2026-09-26T06:03:22.111Z,2026-09-26T13:54:58.699Z
13,498g1rVnFcnjBjpfw1xyqA1WvgQXUU8RWuELjxkjAayQ,Frank Degod,a,26,57392.63,2026-09-26T04:02:59.949Z,2026-09-26T13:16:11.853Z
14,8xL8S7P4QLdTGRquHas8NP5EVjp2qUGbmSgrkh97mvmq,0xAvast | Trouble KZ,a,26,55394.29,2026-09-26T04:31:25.414Z,2026-09-26T11:44:02.451Z
15,8f39XhhZoRD8sYb6K5K9N7iSHXkL7BDmFFQNDF3TtsEr,Quanterty | Grand,a,23,116005.95,2026-09-26T03:56:57.178Z,2026-09-26T11:41:45.088Z
16,DxM1hfY8FQ8dNGrucuJzhJcF8KRbjk8WBwrgKvQ9spPv,ResellCalendar | SPED,a,20,33892.08,2026-09-26T02:51:32.856Z,2026-09-26T13:11:32.928Z
17,4GmFQuqUpqqo3Zgo1UNXaQGA78vDtyYCrm4SbKkkSFpV,J777Crypto |. CookHouse,a,20,16930.93,2026-09-26T02:45:31.568Z,2026-09-26T09:11:39.649Z
18,V8c7i9prMkHT7fdMScUdZcZUjPmVJKFpTiVbzbaE2Bt,Ew4rdo,a,20,61395.43,2026-09-26T02:44:39.549Z,2026-09-26T04:34:19.199Z
19,EyQP3HjjRmrTDu59xoXzoLodNgKvNfyNuTPdk62V8gqG,ETH_Exy | CookHouse,a,18,23376.28,2026-09-26T06:49:16.350Z,2026-09-26T07:29:10.526Z
20,5owdTRvZgxmEm4hrdQTn89BGPFCx31FZKtQw41Gqi3UU,vô cap bé,a,18,20755.41,2026-09-26T02:42:39.695Z,2026-09-26T05:25:02.412Z
21,Cny7Brip3BgLYJi6MWn3oNw6NQvKQH25xSjFkKE2Ax2J,test_mini,a,17,15189.07,2026-09-26T02:53:44.222Z,2026-09-26T14:12:21.304Z
22,BSsyo5oh2tuaZBjjWq6V3NHS66BTHfmV1aJd6RDyknLQ,Clark10x | low cap hunt,a,17,10388.77,2026-09-26T06:48:22.753Z,2026-09-26T09:09:53.565Z
23,9qpucJgTkTVSbMPksG4fequu9STgFxr9AQmLN25MwiBV,Marked Whale Nansen,a,16,18803.38,2026-09-26T06:16:29.175Z,2026-09-26T08:04:21.403Z
24,Hkk4yo6LTfRB1B97jr7qx7rbqsaio5MGCKzseCqFjgcJ,devwyd | Grand,a,15,9293.3,2026-09-26T04:07:59.007Z,2026-09-26T14:10:44.617Z
25,AmNDxHzjmkx7FS8sT7QpCYmVt9GTdpAFtmMi33YKgZLZ,"vol to, chơi tốt và nhạy",a,15,2810.59,2026-09-26T02:53:53.055Z,2026-09-26T13:42:27.234Z
26,78thMY8yfYzXGRhSArPMr7j8Rsh5QEPZviHVPfEfoMDM,ví Token Millionaire |. BinkBi,a,14,92300.96,2026-09-26T05:05:46.493Z,2026-09-26T12:51:34.339Z
27,C9jNJ41PxQU1Ri9Xk4To17nE8op156auTepvMB1i1JRP,Wasta | CookHouse,a,14,7269.8,2026-09-26T06:42:43.771Z,2026-09-26T12:48:31.513Z
28,9QXT3u8x98z2RaDzRacopXJpBYbKrkG3Sjck868jpDou,"Dtrain22, ăn CETS",a,14,11869.0,2026-09-26T03:53:47.720Z,2026-09-26T05:09:23.310Z
29,GgDAijkjPdaXNdiPQyqKZuTDE6DeTXSYxrfvCjBorZst,ăn hàng tech khá ok,a,13,2961.68,2026-09-26T02:42:56.805Z,2026-09-26T14:13:47.974Z
30,4iD83DYUbfcLx1A6V1D5uHbpZdQaZnYYXHywq6NNG4rs,"ăn RKC, hay bet ăn ngay pump",a,13,10542.93,2026-09-26T05:06:13.679Z,2026-09-26T14:13:32.078Z
31,DedWtoz7csvD81NRCSvktt6ey4qxLrFSqH2FMXbYsKDf,ăn jimothy,a,13,10818.0,2026-09-26T03:04:35.783Z,2026-09-26T13:23:39.825Z
32,5FGoPPj1nL8LCnfVnpTmreqQtqLuMXXAwuS1uahMrp8V,DumbCrayonEater,a,13,8967.61,2026-09-26T03:40:47.045Z,2026-09-26T12:21:01.592Z
33,DjK6ADK2pc8VCbTWuFuPzDBctDTy7aJbz4zBLkFVjJFY,solgavvv | Conviction,,13,4808.77,2026-09-26T02:34:27.291Z,2026-09-26T07:39:55.795Z
34,4YWbbd445TZyAotSa7NJh2B9Vkm5pda62rv1yUXiYQv2,ImChizx | conviction,a,12,14636.69,2026-09-26T02:31:46.895Z,2026-09-26T12:16:48.853Z
35,Be24Gbf5KisDk1LcWWZsBn8dvB816By7YzYF5zWZnRR6,test_2,a,12,6060.14,2026-09-26T06:04:42.217Z,2026-09-26T07:14:55.094Z
36,HP2ZzCnMP8NKFngqtpjvt6qR5YRDm3c3rubbAUvQMsqL,Conviction,a,11,16369.63,2026-09-26T13:29:57.948Z,2026-09-26T14:06:01.466Z
37,9BMzTpSo4URse1oN666pmexhdjpU1vA5p7LtroCFQdLU,Aurelius0121,a,11,13865.28,2026-09-26T03:52:42.715Z,2026-09-26T13:24:49.697Z
38,GmCqxJx2QPxKfhyiLyk5CdV3rQtwuXKnCoTq5RoFBCoD,W22. Nice,a,10,5986.91,2026-09-26T03:23:13.653Z,2026-09-26T11:33:00.332Z
39,H41PQrbErHpdJoAQKqbY9KFZNg7FYo29wwRrV41HzAkH,"nansen, mua đáy ok, tier 2",a,10,8729.06,2026-09-26T04:08:36.528Z,2026-09-26T07:14:12.826Z
40,6F91X5t8af1yRHALkwf8EStEn6mKYvsW8zpLiVpfYr38,Pyro | CookHouse,a,10,9758.11,2026-09-26T02:57:30.045Z,2026-09-26T06:36:20.416Z
41,3CPHk5b7SRvAsTsocehAu1bA5YKMXJYMr3qc2SuMFkWY,Rune | Dabal,a,9,34998.21,2026-09-26T02:59:42.360Z,2026-09-26T12:59:02.140Z
42,FhsbQzAJWVDNwaH61cTo6XkkfEsmSYMZKs9VJHH32bVG,test_3,a,9,12475.12,2026-09-26T03:03:39.209Z,2026-09-26T10:25:19.244Z
43,EC2f5DnHzuNRit1ExqghSifDbp1wgrzktsRRZCtU92MJ,0xdetweiler,a,9,5152.03,2026-09-26T04:40:17.082Z,2026-09-26T06:04:51.039Z
44,2h7Ns9w2grSeQ9mE9WggJZvxMKKLNADJrKTSLucrbmzB,"Ăn PARQ, Zero, tier2",a,8,7210.14,2026-09-26T03:47:51.066Z,2026-09-26T13:58:13.446Z
45,5YRgrP3mjGzrzirYYN5HAQH19cTYREYwGxW6XRJQUzij,Sling pumpfun wallet,a,8,5443.03,2026-09-26T02:44:44.765Z,2026-09-26T13:53:04.577Z
46,CzU8MaRcwvwUoNkwJFLbvtFWJugcEXAhDDQqNFE4ybb7,Rowdy | Fantom Troupe,a,8,30395.6,2026-09-26T05:36:24.824Z,2026-09-26T13:17:24.335Z
47,2RFKTfaSHeqor2CUD3oAcqiU8JbaFTxo7uTgvAWhCDqi,ví chairman,a,8,17312.05,2026-09-26T02:42:30.753Z,2026-09-26T12:51:39.342Z
48,GHLFL6VzESLD4LLBbaNrjUgMCbKXcqBEPXVoouA2URNS,cũng nhạy á,a,8,8188.15,2026-09-26T06:18:34.388Z,2026-09-26T12:10:37.193Z
49,BJwRYVBpRuxvPsbCPQkxnxS2Zr797LQSta4uDkgX7X7x,W88. đánh conviction. Ăn KINS,a,8,12018.08,2026-09-26T03:37:25.079Z,2026-09-26T12:10:04.037Z
50,4EsYuWFZAt1PfNJq8Jr7monip43gNqrQ7k2Kne1npqJx,"ăn đẫm MENSA,tê giác onviction",a,7,2176.12,2026-09-26T05:25:27.272Z,2026-09-26T14:14:09.103Z
51,9aP2vSFp2rydWR7C7kVZSQLQa2sT62w23ZHVP8BVSR5T,U 8. conviction ansem,a,7,8415.14,2026-09-26T03:02:06.353Z,2026-09-26T12:43:00.930Z
52,EJ1izM56eBS5baVLk7Q4iaQvsgCPa3W5bZgc44wwHz8U,kyle,a,7,3365.28,2026-09-26T06:03:42.581Z,2026-09-26T12:10:58.665Z
53,8cPYWE3Fq4KKZBtm1DCZHSEFtLkBiU4o7mtP8JSNGQEA,đi vol >1k là cũng ok,a,7,926.8,2026-09-26T06:05:49.176Z,2026-09-26T08:30:58.893Z
54,DyXg3Xp6BoMq5K6Nmdb7hEzPMpkRWH2aXHHZhUgN1gd6,Miyamoto | Dabal,a,7,11644.07,2026-09-26T03:36:21.953Z,2026-09-26T07:25:17.931Z
55,3WxibuvNHxSfMY5mBXfzqmbA3svtKpWBUtCqan33PxJS,NastyxMINH,a,7,4538.5,2026-09-26T02:57:53.033Z,2026-09-26T06:09:46.755Z
56,AKg8Z5MfUUZsrM2xVzRHVzuNWigzi1C5aHKHED9XNpGs,ineedtowin | Fantom Troupe,a,7,5508.22,2026-09-26T03:12:35.779Z,2026-09-26T04:08:12.352Z
57,Beqv6dzTcjV2eodo8RRXCiCcnSYrS1vkQKhfqwHXqeit,pointfarmcap,,6,13358.8,2026-09-26T09:57:20.927Z,2026-09-26T14:18:21.493Z
58,HDixbrzwwLXczhDBk1JVrurPQsuLE8FUKnW2pucSXN3o,PoorGoat | conviction,a,6,7937.62,2026-09-26T11:21:21.583Z,2026-09-26T12:40:39.969Z
59,6451zSoUiy4GZeq2vEUHb73LcDJ8eeCHXEaGSqL8K6Fj,redemptionjizzy,a,6,6157.98,2026-09-26T04:51:45.491Z,2026-09-26T07:35:58.751Z
60,7YH3iKAfg5Ua4YE6UvaNwFtBugTcnRDDSAFAsmjiws18,"A alpha, chú ý nó",a,6,4501.82,2026-09-26T05:07:24.695Z,2026-09-26T05:55:11.030Z
61,3RKDeGHTSAZjhW5ktVYv2M3SjrA9NHWCBkm3nuXBcUwj,rebelwithsnacks | conviction,a,5,2877.33,2026-09-26T11:35:03.499Z,2026-09-26T14:11:37.779Z
62,4ugDhHJ8XDXAeABmrNmGffFaLbJb9BkPyiFGVSV9ocwo,The SOLstic| CookHouse,a,5,6735.9,2026-09-26T02:51:50.505Z,2026-09-26T14:08:52.609Z
63,v6iNaiAbhPg6vvKcqmPK5GQfCXY8B9ac2hchwAFu24q,stt 2,a,5,652.66,2026-09-26T04:09:05.877Z,2026-09-26T13:21:43.747Z
64,H7PKyDYaESrpuZEMcPv7wjCnSjYA5R3n4i11bRKZFB2E,"mua cap bé, dạng snipe but hold",a,5,441.52,2026-09-26T11:54:31.120Z,2026-09-26T12:11:19.329Z
65,EMp115dQaDGcMnogrB8FnxBc9XF6AZAq4QJ9wFK5utFB,Whale 23,a,5,7042.1,2026-09-26T05:03:45.320Z,2026-09-26T12:10:21.507Z
66,4hfcN3bk5gCWNCrbowJBgFzvtPFCgf5bynR4bCBut7E3,SM 16. cũng nhạy đó,a,5,16539.03,2026-09-26T02:59:48.834Z,2026-09-26T03:38:13.254Z
67,D6Zpb2nBksuYYeef8u7VLpv588iGXGKQdeSLoSHqjTkG,ăn jotchua,a,4,5471.5,2026-09-26T10:56:14.297Z,2026-09-26T13:58:50.111Z
68,FcTTjHafvSrXu11BLGBRsLoKGbVnLgkZxz3hACpwN4A8,ArtofConviction,a,4,11283.06,2026-09-26T02:55:05.108Z,2026-09-26T13:25:57.011Z
69,mDR91ufq4S2uSHa9E2PYL7xg4LwcQXaQFP7YK864a1z,smol_intern,a,4,5932.83,2026-09-26T10:25:03.745Z,2026-09-26T12:26:55.524Z
70,Ekva8dVweVY5S3RV8MB11saFfeVcvpaxB5KmuSW3eecv,midcurver | ăn 1M con AI,a,4,13122.92,2026-09-26T10:09:50.058Z,2026-09-26T11:54:20.658Z
71,ik1fCERApPcHVQCt5TFKZwcfUjS7XiCFyJuQih6Gqqh,SM high winrate,a,4,2907.91,2026-09-26T04:48:22.579Z,2026-09-26T10:48:47.796Z
72,4YxyRTLsK88uQ83bWoanu1x2FHo312b7JrcRqYPudD4p,sol_engineer,a,4,14676.89,2026-09-26T02:53:27.702Z,2026-09-26T08:23:58.262Z
73,6inFvQguQYykRUbQfscWp5bm5fBmcAmqsJtjXisv4wqg,boosted,a,3,9745.3,2026-09-26T02:52:42.379Z,2026-09-26T13:39:43.681Z
74,J6TDXvarvpBdPXTaTU8eJbtso1PUCYKGkVtMKUUY8iEa,Pain,a,3,2563.11,2026-09-26T10:18:57.459Z,2026-09-26T13:33:05.530Z
75,EVqxB3F6iUBeWsTpBFQqWwxpqUS8s4NrzgxBvQ2VRbTq,boosteryting | conviction,a,3,177.35,2026-09-26T03:31:03.244Z,2026-09-26T11:33:44.437Z
76,FZ8ofuKKQbZ6QKRGYb75hD2Un56MKJzF6zErpcLn3Cma,ví nansen - conviction kins,a,3,6490.87,2026-09-26T05:44:48.848Z,2026-09-26T10:34:59.962Z
77,9MsCdHnAb5PiHBCNkPXfvLYnNMppgdKknNr2RoYUdpVc,NDF_Sonar_trade |Fantom Troupe,a,3,7436.93,2026-09-26T02:57:48.190Z,2026-09-26T08:26:16.597Z
78,6b5JivZqr5G8SCjgDQxqm8DgtiN4PufJRFS8yCWSFxRk,cryptoolin,a,3,2991.87,2026-09-26T02:41:40.579Z,2026-09-26T07:13:35.625Z
79,267L2XGsHNTKEhzzRfjwF8UFZ89sgnaMrsNmBfkDRFxe,ăn con doom,a,3,1737.26,2026-09-26T03:14:12.578Z,2026-09-26T05:25:18.105Z
80,J3XvzFiJ9u17jAQr5jpkaKTNTZKt3MS2o61nSeqSqXcQ,Whale Nansen 5,a,3,1111.48,2026-09-26T02:48:49.813Z,2026-09-26T02:48:56.496Z
81,9BvPQTeipmg7UZvBtknQkadPdgZ5ekyWVPg1LrSbTYP8,"Gấu trúc. ăn jimothy, nhạy á",a,2,425.55,2026-09-26T13:48:45.400Z,2026-09-26T13:48:53.648Z
82,6BFyW8EJWbhZx12RBn5tqvSEwVWaFWknEZLaQSBgEkQA,1aboc | conviction,a,2,641.4,2026-09-26T08:10:12.992Z,2026-09-26T13:35:19.309Z
83,AcoNeFQsTPYs7ZrH8RMWaxxGJTTQJJ4H5aTXmptaz5UK,U11. nhạy mấy con động vật,a,2,4765.17,2026-09-26T12:43:16.197Z,2026-09-26T13:03:01.293Z
84,5dB6rj9CoXMLQCAymoC5UXCb1LtFjbM5rbut3MNuj9Q,397397,a,2,10266.72,2026-09-26T04:14:03.985Z,2026-09-26T12:20:23.918Z
85,HxwmEH84o3EuezCUZuBEEeKT6uMDv8R4VRi76ExB87St,omo,a,2,330.0,2026-09-26T06:19:19.909Z,2026-09-26T09:18:14.486Z
86,p9aQ8YfnUbyN6z9yWpKNN8ZHZYKEYJwmcLBedq7tKiQ,navi,,2,1069.66,2026-09-26T07:14:17.501Z,2026-09-26T08:46:21.534Z
87,HgcRUrxqi2tm9tULA6YAV8yq5igzrEXSKccrZPfkMrYy,OKX Alita,a,2,169.64,2026-09-26T03:55:56.841Z,2026-09-26T07:05:18.241Z
88,4vER1GJQs73HtN9oYRswHZV4PSe2dvWQ8NLFoDhXeZjm,BitmanTW,a,2,1103.95,2026-09-26T06:07:22.853Z,2026-09-26T06:22:31.766Z
89,3NBf1zmwZjfY7LM5WAdpYNpPVYAC6Fr8MYvGzScFVJq8,Drava Fomo Wallet,a,2,148.21,2026-09-26T04:01:55.337Z,2026-09-26T04:01:56.335Z
90,AH39BneW9UeWxQysUcwogQrYFdPvJuRVZ5w4ccq9SKfL,ví phụ của logiam,a,1,989.23,2026-09-26T13:42:46.531Z,2026-09-26T13:42:46.531Z
91,ECvvgxzPVy51BCbgbPixgviFwxyR9PyLJhjHuVfWbmxy,Ăn OGDOGE,a,1,101.03,2026-09-26T12:51:57.354Z,2026-09-26T12:51:57.354Z
92,2id2b2Fq8V3jdynFhRBmXkCZDsYWPbX3xdg783NsWGgr,"Bò sữa,cũng đánh mấy con legit",a,1,7960.05,2026-09-26T12:45:36.930Z,2026-09-26T12:45:36.930Z
93,F5hkYsi8JxjyA2JHN5CA7MbnnhWubkXB2ZQB7Gkaxqs6,theveeman | Dabal,a,1,3480.78,2026-09-26T11:55:51.109Z,2026-09-26T11:55:51.109Z
94,2GtmuqG31LuuWQmKzeK72YjH5iALPkJycuQaEQGsFzLw,sadcrissy | conviction,a,1,596.0,2026-09-26T11:55:08.557Z,2026-09-26T11:55:08.557Z
95,DDppFHmDSdtAotQzkwqU2iE8ieXXmYACpb4dUnJD4vhq,cefuli,a,1,1236.69,2026-09-26T11:00:16.585Z,2026-09-26T11:00:16.585Z
96,3Yfh7KG8PHxZmjp2wx7c74sxTCfmgp5fnWdvbUKj2ggx,dylansdegens,a,1,3335.58,2026-09-26T06:43:19.718Z,2026-09-26T06:43:19.718Z
97,2yXwy5Dsa1XtEXcsrkFVRJeyuWD3qKkMN3pP3p5VTW3V,Salem1299534,a,1,51948,2026-09-26T05:18:49.247Z,2026-09-26T05:18:49.247Z
98,6HcrxubcevZQs1fcPTVnywzw7N2XWqsyAPxqnmg78UMg,"W99, conviction,big eat and loss",a,1,2600.59,2026-09-26T04:41:00.693Z,2026-09-26T04:41:00.693Z
99,CxXaFHLm62uLEV5WsLK3NzE3Gq4oJMRSLop4L7FizZpb,harrypauldavies | conviction,a,1,492.87,2026-09-26T04:18:54.873Z,2026-09-26T04:18:54.873Z
100,G5nxEXuFMfV74DSnsrSatqCW32F34XUnBeq3PfDS7w5E,"(W13) onchain mờ ám, pnl cao",a,1,1196.41,2026-09-26T04:13:30.346Z,2026-09-26T04:13:30.346Z
101,9CNyLECt2j8tnDhqxtjYk5HUhZ2b8Nwnyb7sfYN7vND2,rasmr,a,1,1164.79,2026-09-26T04:03:19.827Z,2026-09-26T04:03:19.827Z
102,8QrAeBvyNj1f54pMwqKkxXXK95bStDZRcqGEcp3nSa4s,Iknowwhyy,a,1,5821.54,2026-09-26T04:03:19.096Z,2026-09-26T04:03:19.096Z
103,9H7nQxF1vmrr9fjcE55Y9RoTb1uhKtE7934y8Ww8oijr,W1 (Big whale WW) hay lướt,a,1,364.45,2026-09-26T03:02:21.626Z,2026-09-26T03:02:21.626Z
104,6VAN619AsUhnsoAjnZTfYo8Whrrn92dfLFYK1rDxfZtn,MoneyLord,a,1,1843.91,2026-09-26T02:57:42.809Z,2026-09-26T02:57:42.809Z
