clanId,clanName,clanMemberCount,handle,displayName,rank,pnlUsd,volumeUsd,walletSolana,walletEvm,walletVerified
1eec89a1-5679-48a1-9ce6-338bd76328eb,Conviction Capital,6,PoorGoat_,PoorGoat💛🐈,1,423362,1517625,HDixbrzwwLXczhDBk1JVrurPQsuLE8FUKnW2pucSXN3o,0x9ce0cb4a193acbce0dca3283972341aed6f3f614,True
1eec89a1-5679-48a1-9ce6-338bd76328eb,Conviction Capital,6,DopamineFeenFr1,DopamineFeenFr1,2,223225,8356812,,,
1eec89a1-5679-48a1-9ce6-338bd76328eb,Conviction Capital,6,boosteryting,Jack,3,207147,1665325,EVqxB3F6iUBeWsTpBFQqWwxpqUS8s4NrzgxBvQ2VRbTq,,True
1eec89a1-5679-48a1-9ce6-338bd76328eb,Conviction Capital,6,Bull_Path,Bull.Path 🫵😹,4,176278,2200575,F11mt2PsYTR7RF7hzfvFyeFbWREiCS3soa5pGbPX88Lb,,True
1eec89a1-5679-48a1-9ce6-338bd76328eb,Conviction Capital,6,sadcrissy,Crissy,8,135179,6206321,7FJDJ1HaQfL3GAcMCzoBrJ9Accnf5GUYYwfEPCBCDcVK,0xfec1002223824973bcd7907d133b4c027beb40c0,True
1eec89a1-5679-48a1-9ce6-338bd76328eb,Conviction Capital,6,Clark10x,Clark 🆓,57,33569,2110336,BSsyo5oh2tuaZBjjWq6V3NHS66BTHfmV1aJd6RDyknLQ,,True
75cefc60-e6f6-4189-8073-18e7cb37db5d,Dabal,5,dylansdegens,Dylan.Eth,6,150009,1365555,3Yfh7KG8PHxZmjp2wx7c74sxTCfmgp5fnWdvbUKj2ggx,,True
75cefc60-e6f6-4189-8073-18e7cb37db5d,Dabal,5,Aurelius0121,Aurelius,10,132590,13768786,9BMzTpSo4URse1oN666pmexhdjpU1vA5p7LtroCFQdLU,0x0c175c6a0065ee05f871a68783d2de432a1e6cbe,True
75cefc60-e6f6-4189-8073-18e7cb37db5d,Dabal,5,SaintBogdan,Bogdan,39,41310,488762,,,
75cefc60-e6f6-4189-8073-18e7cb37db5d,Dabal,5,metaversejoji,joji,40,41128,3964456,68XiYbqQedUbV1EboBhtZDtTTzX4vwUBzKB6rbUGPvHj,,True
75cefc60-e6f6-4189-8073-18e7cb37db5d,Dabal,5,probablyinsider,numero,140,18474,1344723,7XUAo3ugnHFtUgUamYB2rxhXPDCgz8zSbTausvriAs3p,0x453f238a896538ca9560004500af1392c7889875,True
ac478b54-d111-4674-a283-9cb739a9ce5c,TitusTradz,2,BarBarrBinks,BarBarr,7,146603,456445,Fq6EF3JFARLTTSywz7L2KKw7BUBcrP96c4DLpmLEYLL9,,True
ac478b54-d111-4674-a283-9cb739a9ce5c,TitusTradz,2,pglpiguet,pglpiguet,110,21414,514411,8MKihxyYQefCj2bHhQ45MtATwwS5hKUh3r8fB42sp9sR,,True
76766ab1-9bb1-40f5-91f8-908b8b3fef68,Autist Army,2,chefjin,Jin 🧧,9,133002,1633551,Hoz5rQ17msnkpuQuAi6acp9MzfVv4rMNhEpuJEg7QiQa,0x6aa3db86183c93c71bd8639985998e3f9f61ae4c,True
76766ab1-9bb1-40f5-91f8-908b8b3fef68,Autist Army,2,wizardofsoho,"Wizard Of SoHo (🍷,🍷)",16,100326,5240256,HLLmfX1M39GuG5dZf4QEPknFZKtV1cWEwXR55PoyHPir,0x20ac05aafc1b5786d7db843ea98680708f190dce,True
0db55306-7310-4ff0-9390-62f703b029de,SlowpokeFNF,2,BenryBenderson,Benry,97,23256,1698251,,0x1d423eb09e00317eb237c0584b096d0f4ab19af1,True
0db55306-7310-4ff0-9390-62f703b029de,SlowpokeFNF,2,meowmeowmeowmeowmeow,meowmeowmeowmeow,137,18768,324095,GMqroCnksrnnJcgW8aj9nZP1rbxQSbq5Urcnnyi6TnAQ,0x4675c94dddbbfe8f644654fd49c73293c47b0be0,True
73ebc253-f736-4ee3-98e7-6f7547fa901e,Versus,1,bombocapital,Bombo,12,130380,478263,BA5P3gNKSaiv2i2618F5FLd9KL8F6jhkXoNixQSAT4xR,0xa420989aa8c765046642a95d424aefe981a46aa0,True
87c22801-d5a6-4e9e-8f18-bceadf8b1040,Sparsity,1,boosted,mk4,36,41903,3301021,6inFvQguQYykRUbQfscWp5bm5fBmcAmqsJtjXisv4wqg,0xe53a38e714af50e908e336f6eb6f0d0df720cb6c,True
9769b8df-1a28-46d7-80e4-dc64f6377831,HFT,1,unmade,Unmade,51,35192,607523,6MwHc79vgWXeMVyZwgQ13bqqudRNCYkvjmgQzc294g8M,0xa0e7e4a8c839c7ebbce6561a3eb48780ae56c9fa,True
ec58b22c-f4eb-4bd1-aeaa-fd1248181263,PeterGriffinFNF,1,BtheBezel,B The Bezel,72,29701,5412175,HWYpE693cw8AWxHSynrHhUsKDbfzubAFYWpTcMZdNWKR,,True
4efeaf52-e893-42e6-bfd7-2bad31d594f3,Sol Society,1,stngzx,Sting,73,28595,96212,,,
421f1b09-3f5d-44f4-9350-69c94b3a922b,mofos,1,OmakaseOnly,Omakase,84,25979,1322253,F5MYbjEATQFD6rxwdS2zXzEHBGuUhSGvJkUhLFAcr4hv,0x6802190b213325612bc709b4972f7e6f408456a9,True
fb994499-4749-4c79-8f71-8290824c5ea1,Kairo,1,nftimm,nftimm,92,24564,1496757,4pYEFjkYhRWbgyAxRwB8T7LceKRoocntUd39o2SDFPgo,,True
47e167b6-14e0-449b-806b-c8476afcc724,Tech Dungeon,1,bigslime,BS,111,21406,4142909,G1F1iCMMVgnXLumjhCXKE1SFUn4xPK5SHSusWdx8a9LA,,True
ea30cc45-bc73-40d5-b909-9d2f49f9bace,WAGMI,1,prevaile,prevaile,114,21055,8162423,EzKDs32Qd396gg48HZKGibvfAdS27KTmcCfdEp6euSLt,0x4ed7402f8e7e9ca685d24997360d656695836bde,True
09ba1543-3915-4162-b0d3-d5e7df389cd8,XVentures,1,XVentures,X Ventures,128,19771,2038504,DrxBsUd3ufx9Q8kc8Zts1SAavMccrAJcwrFzLf77d9o1,0x274a38d48225256add28fb78c5e22df1fcacced7,True
bf125c8f-8f99-4b8e-8fa9-675d179ceb99,CookHouse,1,ETH_Exy,Exy,150,17402,1169601,EyQP3HjjRmrTDu59xoXzoLodNgKvNfyNuTPdk62V8gqG,,True
