handle,displayName,userId,verified,clanId,clanName,clanRole,clanSource,walletSolana,walletEvm,walletVerified,walletStatus,followers,following,trades,swapCount,volumeUsd,pnl24h,twitter,private,createdAt,accountAgeDays,bio,avatar,searchRank
degnbensol,degnben,ef03cf28-5f27-5fe5-8252-75fb3c0dc4fb,False,,,,,2eZJF9jYpwp5CdULki6tcmpL1EQUCunJqUyDWvBZkxcN,0x4fa7af1f0ed85b7245ccb22223a2229a91a4f2b0,True,,7408,226,1885,4051,3296358,254.06777729032183,,False,2026-02-15T21:04:10.609Z,210,let’s win,https://prod-fomo-profile-pics.s3.amazonaws.com/c5285043d6dcf9e1f79ca4ed78beb3f2_small.jpg?k=257v_Gfhh33ieO6HK20yWmDpA,
dancrypto,Dan,04e2cafc-60dd-5d31-bcbb-5f0be9f9c3dd,False,,,,,GrrYYmcbdvrHgh4b82VZLNmf8Lqszvtsg5eeeg4MsTxa,,True,,6593,76,1849,1965,1117692,-5062.7900102051935,,False,2026-06-30T10:50:35.761Z,76,sometimes you win. sometimes you lose. 3-6-9,https://prod-fomo-profile-pics.s3.amazonaws.com/1d105e3582aead30e65caa7dfecf1f23_small.jpg?k=257v_Gfhh33ieO6HK20yWmDpA,
bobthebuildaaa,Bob The Builder,12d3bf5c-f4db-570d-9df7-d4bc095c30d2,False,,,,,J9oehT3iADgMEHdizdna3XnHLpps1gjzEgPxVLfAJnvP,,True,,12947,99,302,595,641152,-1713.681705753028,,False,2025-10-26T13:57:40.119Z,323,,https://prod-fomo-profile-pics.s3.amazonaws.com/7666e85cfddf184e690938f29b68e9bf_small.jpg?k=257v_Gfhh33ieO6HK20yWmDpA,
Mirro7777,MIRRO🔶 BNB,4784e554-f241-5391-8b98-49e63b1a28e8,False,,,,,67nTyhpE8wk4jfv6NduxS6S6kGjAEDnD62j64cqsqYvV,,True,,9181,38,381,785,3645183,-221322.1587427663,,False,2026-07-26T17:36:39.963Z,49,学无止境,https://prod-fomo-profile-pics.s3.amazonaws.com/50b2a3d50581ca03687a25677bacbf20_small.jpg?k=257v_Gfhh33ieO6HK20yWmDpA,
Onchainmetrics,Onchaingambles,e0fbc16b-1c05-5d07-82fb-488310051e92,False,,,,,2MxSnHSRgfEKLe9noU9wZSA3AYR9FnfgdrLefg7wCMC8,,True,,8996,57,1877,562,1372687,145824.5974419138,,False,2026-04-25T09:56:28.618Z,142,"Shooting shots, if you copy trade you will lose",https://prod-fomo-profile-pics.s3.amazonaws.com/2139356b02786aeddfdb018956427271_small.jpg?k=257v_Gfhh33ieO6HK20yWmDpA,27
rasmr,rasmr,e5b3a269-010a-511c-913a-1036fd1840b5,False,,,,,9CNyLECt2j8tnDhqxtjYk5HUhZ2b8Nwnyb7sfYN7vND2,0x2fbd041a069bb3d7099d55179169091cfeec4221,True,,74963,183,979,2161,13481797,-82812.93778985331,https://x.com/rasmr_eth,False,2025-04-22T00:23:40.131Z,510,5k to $1m challenge ✅,https://prod-fomo-profile-pics.s3.amazonaws.com/1754089790e73f9738f47664febde2d3_small.jpg?k=257v_Gfhh33ieO6HK20yWmDpA,96
Stacco,Stacco,d30797c7-b842-5ca8-b99d-3a102c0ec71a,False,,,,,BX9nDQCtrPLFfjUDtDX1jt3zYCztypwonsX6VuxFAumD,0xf21a5458a848282783c132cdc2d7308ff533b240,True,,2473,96,738,1449,1495808,-6422.039396170148,,False,2025-11-15T16:18:32.958Z,302,"$1,000 -> $100,000 challenge ✅ $100,000 -> $500,000 challenge 🔜",https://prod-fomo-profile-pics.s3.amazonaws.com/7362ff8df0cb3cd7fba5b13c6d45d1fc_small.jpg?k=257v_Gfhh33ieO6HK20yWmDpA,
qwerky8888,Qwerky,a3b6c93e-0028-5066-b8ce-3b78c0abd5d0,False,,,,,ECWncW2uZR8x37vVKmnHxDAFhMhnRTBzMogEGo8Aj3iW,0x91141066463ac2703d77dc35c2ad1ce1735c17ea,True,,1730,53,145,449,1573583,-76125.55639216513,,False,2026-07-05T02:00:52.479Z,71,freedom maxi,https://prod-fomo-profile-pics.s3.amazonaws.com/689bb45d9907dd8953c60ed73b37de59_small.jpg?k=257v_Gfhh33ieO6HK20yWmDpA,
MontyInFull,Monty,bf3d18fc-42db-5f6a-a7b4-26f285c0b2d9,False,,,,,9rP3Z9pwhtu9S8QWsLkxSbv8YRxRNQSCRj4wRXpJYs1B,,True,,2581,73,465,1459,1794565,-18124.147353048786,,False,2025-12-06T11:27:33.167Z,282,Unemployed arc - Road to 7 figs.,https://prod-fomo-profile-pics.s3.amazonaws.com/474ccc29a9e0da6cb0e2f20ca0c6a86a_small.jpg?k=257v_Gfhh33ieO6HK20yWmDpA,
Ekonomeest,Ekonomeest,9f972831-8f74-5df8-b64f-8f7967fa3427,False,,,,,Bs5N627oD1kfZo2xybiZjRR8ZDrXXVrEJYBXt7ZvHAoq,,True,,2846,24,117,104,109245,-99703.64753037339,,False,2025-10-21T08:59:40.149Z,328,,https://prod-fomo-profile-pics.s3.amazonaws.com/80d086524667451a018569b1c2e7431b_small.jpg?k=257v_Gfhh33ieO6HK20yWmDpA,
edwin999,Edwin,fe443591-b78b-592d-9835-19f78e68cc28,False,,,,,4nQLbqMX12ZzuteZKhk8w8SpcrTqXNW5LVQXEgPPi2Bf,,True,,1669,63,364,1009,2056872,-4417.858447358332,,False,2026-08-10T14:32:37.257Z,35,washed,https://prod-fomo-profile-pics.s3.amazonaws.com/4f80e87e80611dda3a6afe6795e36463_small.jpg?k=257v_Gfhh33ieO6HK20yWmDpA,
panceramic,Panceramic,486ca834-1162-5bde-9157-c046c9fe3ce2,False,,,,,GRP6a4VV5F1EV2o8AfJDq9CC8SVeoNCmi7S94RKzkKCX,0x9cf687eaca65e5da625d3fde534a73513b0a959f,True,,3703,54,401,1341,5406488,3306.993446870052,,False,2025-11-02T01:15:46.811Z,316,🧑‍🍳,https://prod-fomo-profile-pics.s3.amazonaws.com/4c0b08201a91d5c7a2b097088d973687_small.jpg?k=257v_Gfhh33ieO6HK20yWmDpA,
tummster,tummster,2d5f78fd-5a03-55e4-8bf0-a85bf900be25,False,,,,,6nJQMmFcvS9V8PdFiVXkew9sKunzQM7BPo4rm1ZgQwK7,0xc6956315ac9b3d3e7b752745ccdf3a8c99fea0ec,True,,1142,26,70,147,3625350,-94690.62639737176,,False,2026-01-31T17:38:10.966Z,225,tummy,,
BenryBenderson,Benry,229652b6-ee57-5c2c-95f4-4126cd58a1b3,False,0db55306-7310-4ff0-9390-62f703b029de,SlowpokeFNF,,leaderboard,,0x1d423eb09e00317eb237c0584b096d0f4ab19af1,True,,1599,172,254,716,1698251,114320.40842595905,,False,2025-09-15T03:04:30.335Z,364,-$100k to 0 challenge,https://prod-fomo-profile-pics.s3.amazonaws.com/736b32f3aef352589aa1947259cce22a_small.jpg?k=257v_Gfhh33ieO6HK20yWmDpA,79
LeboredJames23,Lebored,afa809e1-bff0-59cb-8683-888f34b3a9c5,False,,,,,Ddpg2PT49SHDzvtWuNSAjsyetqivp1V3aSaDdYtkZPv1,0x93b52ebcba12cfe758f13285147dbc3b43a9896d,True,,404,623,796,4160,2279904,-541.3206096348913,,False,2025-10-04T03:06:05.579Z,345,My pronouns are Unc/Plumber Follow my X for some cooks 👀 @LeboredJames23,https://prod-fomo-profile-pics.s3.amazonaws.com/bfe964d12dc4c4d5249ef07c50153f12_small.jpg?k=257v_Gfhh33ieO6HK20yWmDpA,
ZdunkABC,ZDunk 🚬🐓🐟,6b11eed3-7069-573a-a267-fff1772c72fe,False,,,,,4TSaoBtmuBePUAcFubtSqN98QE7moi3ZqwJCaMkAV9Sp,0xca8ab66188924815df38cac43165ae8c220f1a4b,True,,2197,77,616,3286,5080993,-108878.74523413694,,False,2026-08-23T02:36:52.577Z,22,,https://prod-fomo-profile-pics.s3.amazonaws.com/8dfa59e7905cb109ce7b9a9764780a8a_small.jpg?k=257v_Gfhh33ieO6HK20yWmDpA,
workethic,workethic,d5021cd8-7d54-5b97-8e88-9f8fc74e7ba7,False,,,,,EmZjHyv5twFhFRnh8KQ6vnr3sY5mDiDDK19z776kNdHg,0x7c4bfeaea6bb64772d57cf10110e696d00df8ec3,True,,10475,41,298,939,2667928,-280.3339233440929,,False,2026-04-14T13:04:37.178Z,153,broke and washed,,26
jelitics,Jelitics,697fb86d-f371-5131-baf5-e0a2fa73fa5e,False,,,,,mXvJVLBBVyi9o7E2rUAdnNzUyA7gFtabEjdKfCWRTtj,,True,,11961,22,129,590,10651512,-276614.3990404132,,False,2026-09-01T06:41:27.191Z,13,Follow me on X - Jelitics,https://prod-fomo-profile-pics.s3.amazonaws.com/8a56c1d7a410cbe16dadcd2fa6a3d2b0_small.jpg?k=257v_Gfhh33ieO6HK20yWmDpA,
wulfcryptox,Wulf 🐺,194e19df-b07b-5d6a-89a8-97210020cbcf,False,,,,,GVwA6wT66qeu9puiJZYczATUFKM9SAVwHSMZGnhacGZe,0x10002daa72884d1b045631598ed5056e61847beb,True,,6296,116,1087,1208,1718531,-13318.194604455055,,False,2026-01-21T09:02:51.294Z,236,$20k to $1M PNL challenge More on X @wulfcryptox,https://prod-fomo-profile-pics.s3.amazonaws.com/4a8780525b750320703c36f4e571a966_small.jpg?k=257v_Gfhh33ieO6HK20yWmDpA,
probablyinsider,numero,ece2c907-bbcb-50e2-bcf7-49c9bb7ed3b1,False,75cefc60-e6f6-4189-8073-18e7cb37db5d,Dabal,,leaderboard,7XUAo3ugnHFtUgUamYB2rxhXPDCgz8zSbTausvriAs3p,0x453f238a896538ca9560004500af1392c7889875,True,,7027,47,1399,1759,1344723,20108.775827601232,,False,2026-01-31T04:52:21.090Z,226,my mom says she's proud of me,https://prod-fomo-profile-pics.s3.amazonaws.com/c2b58f0357bf8c2a544cf2ff63219766_small.jpg?k=257v_Gfhh33ieO6HK20yWmDpA,
imElthosian,Elthosian,05cfd419-e6b6-56c3-8f21-5b3296a1e336,False,,,,,HYRqezBBPYMpnudNpjZNkVj5ckjVzz9UX2zvzg7PTGCY,,True,,888,42,323,892,282103,2620.6891689023178,,False,2026-08-19T23:01:38.790Z,25,Chubbicorn #153 Got lucky with early entry and top exit with the MEME trade for the first arc. Second arc will be all about conviction plays 👀,https://prod-fomo-profile-pics.s3.amazonaws.com/cad5f37c5eb6f02fd074378279efe1c4_small.jpg?k=257v_Gfhh33ieO6HK20yWmDpA,
that1618guy,that1618guy,ec853fe2-6df6-51ec-987f-d0103756bdc6,False,,,,,BHKMWvKsY3VXaVcibZP8wgMKQuerbpp5iofLgxrHXuTb,0x5bd0e661f9eb643ab227c5d03a841fa7346e6ee3,True,,488,10,32,167,662350,-46738.15210159207,,False,2026-08-25T06:22:56.528Z,20,fomo top blaster,https://prod-fomo-profile-pics.s3.amazonaws.com/951f5406e961e8b6e59bdb1f780f5de0_small.jpg?k=257v_Gfhh33ieO6HK20yWmDpA,
kimjongun,kimjongun,f9bcf73f-3906-5eb3-82f9-23bc13401c2b,False,,,,,2djudVDwv7J1uzJb9HeaseMkRkd45Xde7TnsLRj4bWUw,,True,,5183,24,714,3728,1239221,-14798.175686468807,,False,2025-10-28T03:46:48.089Z,321,HAIPĀ RIKIDDO!!1! 🤬,https://prod-fomo-profile-pics.s3.amazonaws.com/20c96718cb73b04fc79403d78decfc57_small.jpg?k=257v_Gfhh33ieO6HK20yWmDpA,
frizzaud,Geoffrey,99298e32-2898-5645-8249-f20a3ac197bf,False,,,,,2TghAShCJWQ8yYnHXywhQ5KF7qCP6kWidmLTE3LnHUQx,,True,,6329,20,642,1366,2224423,-32785.009065856575,,False,2026-01-16T02:09:48.228Z,241,buy my bags,https://prod-fomo-profile-pics.s3.amazonaws.com/38b89db3fceb1771e760f82b2edfc980_small.jpg?k=257v_Gfhh33ieO6HK20yWmDpA,
chubbicorn206,borlanda,dd74c2ac-dfa2-5024-9770-951cdb5f6207,False,,,,,CcUic1NWxpPZ2bHwEyHxRZoyoxJhW5e3V4YDNXUaZ9h6,0x326582340af3d59a48ca20f95cc8becbac6a6433,True,,3160,53,942,4913,2275456,-72625.426180371,,False,2026-02-08T16:25:26.600Z,217,AAAAAAAAAAA,https://prod-fomo-profile-pics.s3.amazonaws.com/69afbd5a1c8440cc9b76488ea17c2b31_small.jpg?k=257v_Gfhh33ieO6HK20yWmDpA,
tflo__,tflo,1ac7180e-ed35-5438-ba47-256d455b31d8,False,,,,,3sxGs3Q65wYH24fXm41kWsU8yRv3Xf6CsD74nLqdMAPA,0x1a00caa6f66f05f2f9cc7b12feac34187fc2a492,True,,4515,110,500,1291,739870,-40081.20300560395,,False,2026-01-10T16:09:25.553Z,246,Dumbest to ever do it,https://prod-fomo-profile-pics.s3.amazonaws.com/f2f1f16efb6b5b905361094e7315dad1_small.jpg?k=257v_Gfhh33ieO6HK20yWmDpA,
Chubbicorn249,OnlyChans,d9d64230-d5d8-5ffc-b6c5-0a7150106fe1,False,,,,,BqvebbXGwrp8apiMaKNd1RknAEa54UTaJcWE5ETUDFCr,0xc69fae8609e836eb3d63f1a8b5fb9f51d440a4a9,True,,4030,77,345,724,692311,-68359.00503480207,,False,2026-07-21T03:31:05.883Z,55,exit liquidity; never stop clicking,https://prod-fomo-profile-pics.s3.amazonaws.com/1b9af91714cffc323a887871ee0cb078_small.jpg?k=257v_Gfhh33ieO6HK20yWmDpA,
woody6969,woody,4c62294e-25af-5bf0-8e7f-9f977dc94109,False,,,,,L6kdqSfw9AXjX6LdcjFZahzbgjF3CU5fVquuSbdXW65,0xa99531b52c2f1e3bb23fa09dcd089d64bb940098,True,,5076,27,136,242,200997,-23429.357310471765,,False,2025-10-27T00:29:43.326Z,322,,,
dtrain22k,Dtrain22,da4a90fe-bc5f-545d-a307-db185f7ad8ae,False,2903d220-2087-4c67-b72a-300863517ab7,chubbicorns,,search,9QXT3u8x98z2RaDzRacopXJpBYbKrkG3Sjck868jpDou,,True,,14992,32,1850,294,491557,35692.55403648742,,False,2026-04-13T03:47:48.083Z,154,Crypto Twitter’s oldest unc.  if you copy trade me you will prob get rinsed.,https://prod-fomo-profile-pics.s3.amazonaws.com/0bee4e5a5ae7369df21349feac4a13cf_small.jpg?k=257v_Gfhh33ieO6HK20yWmDpA,94
cryptoalbus,Albus,5341ce99-d9c7-506b-b4a2-297d9b6ca657,False,2903d220-2087-4c67-b72a-300863517ab7,chubbicorns,,leaderboard,3syoM3qxcHHFLrf55wVXAHKPiYUaEM5ngLT7oZ1zSzPL,,True,,32927,39,507,1319,1506484,15285.74542051158,,False,2025-12-06T04:38:37.626Z,282,chubbicorn | delusional,https://prod-fomo-profile-pics.s3.amazonaws.com/fe58b111ca56c9dfe230614fc18c7cdb_small.jpg?k=257v_Gfhh33ieO6HK20yWmDpA,
Chubbi230,230,18e1a823-87d9-5e6b-ba0f-5ef81e734660,False,2903d220-2087-4c67-b72a-300863517ab7,chubbicorns,,leaderboard,,,,resolving,28256,48,179,175,193113,-120446.08355927235,,False,2026-08-13T01:24:43.640Z,32,"Don't copytrade me, professional roundtripper.  Follow me on X at @chubbi230",https://prod-fomo-profile-pics.s3.amazonaws.com/c635eec1447e91ce4f5d084f6df3b1c4_small.jpg?k=257v_Gfhh33ieO6HK20yWmDpA,25
carlwheezor,Carl Wheezor,5ac9cf73-970f-54a1-9f54-fd9ae554b279,False,,,,,,,,resolving,15837,43,2330,5945,2302750,118742.70880427759,,False,2025-10-21T19:14:29.217Z,327,"Elite Money Losing and RoundTripping expert   good finds, turrible execution",https://prod-fomo-profile-pics.s3.amazonaws.com/7c13121ed4329e88d9b4d71b81c192e9_small.jpg?k=257v_Gfhh33ieO6HK20yWmDpA,23
ericzhong,eric,f3e634b9-ddb2-5e5b-a4c1-cb0e061e2d16,False,,,,,GZUQVbcLs1CnJuJhKARNND3qnzP98JE3H89BoEyPF59x,,True,,6832,142,2243,5680,6608508,-14334.769128254615,,False,2025-05-14T02:57:46.867Z,488,,https://prod-fomo-profile-pics.s3.amazonaws.com/8bed0e22a4555be2feb7f8fc354b0ded_small.jpg?k=257v_Gfhh33ieO6HK20yWmDpA,
wealthmaxxer,maxx,77e21536-699d-557a-8e0a-989424b01c62,False,,,,,3YonHL3UNTv53MYFxyYAuaUwFjERNTJ8sUrgQS7BHuYq,0x288c3eadfdbef55ac51fed48272c757a899d5045,True,,4112,117,2025,10135,8445942,-12437.093713768933,,False,2026-05-07T16:06:47.071Z,129,X: @wealthmaxxer The Great Lock In,https://prod-fomo-profile-pics.s3.amazonaws.com/f6995b572186476bce9a9a91aa4298ac_small.jpg?k=257v_Gfhh33ieO6HK20yWmDpA,
SteveX,Steve👽,ac4a4042-ed5f-55d8-a09a-3f1102f43d50,False,,,,,,,,resolving,5356,83,292,713,108568,-18437.1276618914,,False,2026-06-01T15:29:53.597Z,105,Steve - Make Aliens Great Again Dev,https://prod-fomo-profile-pics.s3.amazonaws.com/eb166931b861a25b9134fd634a358b0c_small.jpg?k=257v_Gfhh33ieO6HK20yWmDpA,
Trenchwarior,Σ ‎,a2305938-b1d7-5987-8f23-8eca872a50aa,False,,,,,H2Y8BrxU8wRDzXK2idwHu3H5DG2DBqZrAuPkpsv8kmuB,0x4e418f74b32353be48e9de3bad9045985879497d,True,,5886,29,1109,798,524744,-23889.217880079697,,False,2025-10-28T18:29:28.571Z,320,"VΣNI, VIDI, VICI",https://prod-fomo-profile-pics.s3.amazonaws.com/158fa47dfa230c131818f8e3e417b9f1_small.jpg?k=257v_Gfhh33ieO6HK20yWmDpA,
MemeCooksx,Meme,83ea682c-3657-501f-a8d3-3082aa07397f,False,,,,,,,,resolving,8070,202,2692,6312,1988757,-3588.228522572492,,False,2026-01-31T05:47:44.317Z,226,schizo I should have told her what she meant to me,https://prod-fomo-profile-pics.s3.amazonaws.com/f938b27ece20212b669ea67e233890d5_small.jpg?k=257v_Gfhh33ieO6HK20yWmDpA,
MrMetavers3,MrMetavers3,785b5547-1422-59fc-9f68-6a3cf6e39bfb,False,,,,,CnEy6EVjK6bGMC9wxChibpkUQGNYPHWHttD2LAHJLggB,,True,,6601,8,1030,656,231531,-2115.796808371466,,False,2026-07-26T04:53:05.887Z,50,Trading here and DCAing on DCAMarkets,https://prod-fomo-profile-pics.s3.amazonaws.com/2bf315875ae396d7c7d0180deb041dd3_small.jpg?k=257v_Gfhh33ieO6HK20yWmDpA,
DopamineFeenFr1,DopamineFeenFr1,a3d6096e-59eb-5684-a9fe-0048e07a0eb4,False,1eec89a1-5679-48a1-9ce6-338bd76328eb,Conviction Capital,,leaderboard,,,,resolving,69187,298,3487,10925,8362786,260433.01900275867,,False,2026-01-22T23:00:46.087Z,234,"Web3 | I find narratives early, back the coins I believe in & share the conviction | 🧠 Educate • Motivate • Onboard | Building with the next wave of CT",https://prod-fomo-profile-pics.s3.amazonaws.com/65e72b30654cdccddf2b13014d471b71_small.jpg?k=257v_Gfhh33ieO6HK20yWmDpA,5
letsgopenguin,penguin,6a35d911-8221-513b-918c-dbf937663663,False,,,,,D6Zpb2nBksuYYeef8u7VLpv588iGXGKQdeSLoSHqjTkG,,True,,14833,75,1105,1086,1169285,2422.484409106255,,False,2026-04-17T16:58:16.697Z,149,"the world is beautiful, there are still many new experiences for you in this life, and you have not yet met everyone who will love you",https://prod-fomo-profile-pics.s3.amazonaws.com/ea795d10beb481c9ddd71d567dd89350_small.jpg?k=257v_Gfhh33ieO6HK20yWmDpA,
koy,Koy,bb2ab76d-f022-53a1-820e-a5f46522576b,False,75cefc60-e6f6-4189-8073-18e7cb37db5d,Dabal,,leaderboard,8sfbKCYFvKuzG6vE5dAyHrSVxEgRWgMrcjUEvfhYr4ng,,True,,18079,91,3867,7338,7768396,10355.655376632465,,False,2026-01-12T13:24:49.542Z,245,اصبر تنل,https://prod-fomo-profile-pics.s3.amazonaws.com/9cd0bf5416ac80e269dbdb7c061fe05c_small.jpg?k=257v_Gfhh33ieO6HK20yWmDpA,
Katuchi_xyz,Katuchi⚡️,b3322acb-3af4-55be-9de2-c17b82b43f15,False,,,,,,,,resolving,4712,99,2986,7100,1742872,-3059.772226179597,,False,2026-07-11T08:57:06.742Z,65,road to 1m?,https://prod-fomo-profile-pics.s3.amazonaws.com/4713edd382cc42a4b3e71765b124b8ac_small.jpg?k=257v_Gfhh33ieO6HK20yWmDpA,
sugar,sugaR 🍬,f34d6a18-ca79-5bab-ba20-ac66ad46419b,False,,,,,2hx3VtrgDUALPsbizsxrm8sMm3HoKvfDsMfkaveg4Yc5,0x27251ef93006c0f3ea2031d709d0ba9b3c4f3eef,True,,5421,169,182,264,461862,-14051.655731287137,,False,2026-08-05T15:36:54.293Z,39,dont copy trade me mostly wrong but when I’m right you’ll want to cry if you fade me 100k to 1m challenge,https://prod-fomo-profile-pics.s3.amazonaws.com/cf17d8016fa90f7cb7bfd9ea3f8cdd21_small.jpg?k=257v_Gfhh33ieO6HK20yWmDpA,
ProteusIX,PROTEUS,825ae8e3-09d4-5dfa-8c3f-28d465fec95c,False,,,,,,,,resolving,8944,4,83,400,1905854,-10017.97524556634,,False,2026-08-13T17:52:02.651Z,31,"I don’t chase the wave, I become it 🌊 X: @ProteusIX",https://prod-fomo-profile-pics.s3.amazonaws.com/635e351ccdaa45ab46c08d57f620e8f3_small.jpg?k=257v_Gfhh33ieO6HK20yWmDpA,
xfilesboy,Files,0e8efa85-6957-5e99-8b40-c962cbe507d0,False,,,,,,,,resolving,14861,142,1853,4216,5258443,-5980.992147960365,,False,2025-10-13T23:23:21.648Z,335,1k to 100k challenge,https://prod-fomo-profile-pics.s3.amazonaws.com/c864b62b67f58b22042287afb1327815_small.jpg?k=257v_Gfhh33ieO6HK20yWmDpA,
pedrigavifrenki,kanye south,991048a3-d556-5020-8895-8e9603f81f1c,False,,,,,tAwv75TULEMoR5bU8sNgPrDM2d8gdagDUy4b3qo8VXY,0x72c2509fb0bc0284c0a5ec3d57c75ec40f519b37,True,,10880,23,208,629,5122020,23068.80044037933,,False,2026-04-22T18:43:26.598Z,144,trading onchain narratives,https://prod-fomo-profile-pics.s3.amazonaws.com/d6aabdd82205c06a0ff2addad618f81b_small.jpg?k=257v_Gfhh33ieO6HK20yWmDpA,
jonesrida,jones rida👺,8a93bf74-33de-5dc0-ae9a-407d1ef2c5fd,False,,,,,CzJHVdFSXBW5fDQMQfaN3Buk3TBKG2Csb2JiYqrDN28Y,,True,,4892,156,1086,1683,1662979,-3359.6965172762575,,False,2025-05-02T07:25:30.239Z,500,don’t copytrade me,https://prod-fomo-profile-pics.s3.amazonaws.com/a777f4ab203a3c8a525abb8c5ebdb448_small.jpg?k=257v_Gfhh33ieO6HK20yWmDpA,
eyezenhour,eye zen hour 🥶,e4155d68-d396-5fee-83df-010baabb84e6,False,,,,,GkppTxihoHLNug82HFRyH4mC1ReECgmf2qu3UxufNM7B,,True,,6897,46,910,280,377871,-13680.6697827741,,False,2026-01-24T15:17:12.022Z,233,,https://prod-fomo-profile-pics.s3.amazonaws.com/ebc507614b81a25249b85214f10dde58_small.jpg?k=257v_Gfhh33ieO6HK20yWmDpA,
Alexandar,Alexandar,3f7e2221-3109-51fb-9e4e-86b1de8b8012,False,,,,,FXmwXtSHqYXDLUEkQb3XhcUGzZTfuJSJmDhj931jq2vW,0x2444429b617062858c0b789608bf0e9fae313db3,True,,15794,90,2141,2599,11057633,-15417.184480792203,,False,2026-08-08T20:01:25.644Z,36,hello casino friends,https://prod-fomo-profile-pics.s3.amazonaws.com/9d7e3271d1460d40f096617b142e9306_small.jpg?k=257v_Gfhh33ieO6HK20yWmDpA,
EarlyBurry,Burry,d4bde5fb-c0b6-5c54-ae5b-c998cbaf97a9,False,,,,,9xoW7tmArozmTicuWeQybc9XyYHot8efMECgCDDZAPyF,,True,,5785,59,954,391,301650,-17561.100741007525,,False,2025-10-23T04:02:41.278Z,326,"I buy what I like, I like what I buy",https://prod-fomo-profile-pics.s3.amazonaws.com/16dc9b82f7106ca3b515ce9f4ab78f6e_small.jpg?k=257v_Gfhh33ieO6HK20yWmDpA,
solgavvv,gav,c963ad95-6f98-5616-bcc3-070d88c783cd,False,,,,,DjK6ADK2pc8VCbTWuFuPzDBctDTy7aJbz4zBLkFVjJFY,0xae57f8a2f120fce90f1afb5bb0ad934db3bc6855,True,,6884,85,1249,734,366034,-18774.86175791473,,False,2025-10-25T23:44:55.833Z,323,6’2,https://prod-fomo-profile-pics.s3.amazonaws.com/d23b42e79fe327a9fda1c5ea0c655000_small.jpg?k=257v_Gfhh33ieO6HK20yWmDpA,
navi9000x,navi,f389a2c5-c4c0-5300-acc4-67a8d9b1f1fb,False,,,,,p9aQ8YfnUbyN6z9yWpKNN8ZHZYKEYJwmcLBedq7tKiQ,,True,,9727,89,1426,2362,1835748,-34134.50351968808,,False,2025-11-24T14:20:03.675Z,294,buying and selling,https://prod-fomo-profile-pics.s3.amazonaws.com/481af5fe9271f354ed7c07c65e505b1a_small.jpg?k=257v_Gfhh33ieO6HK20yWmDpA,
CryoPalmar,Cryo Palmar,9c51a08a-2e0a-599d-931b-306f106a7515,False,,,,,EYcSL8ZdX71RDSfgu5ScXtNDTzhzJnvRGznx4aNNTUqU,,True,,10933,43,1417,1764,425129,-34625.8406245479,,False,2025-10-30T09:58:16.966Z,319,Your Quants Favorite Quant - Conviction Capital 👁️ - Follow me on X 🤝,https://prod-fomo-profile-pics.s3.amazonaws.com/50bc3cae6cf907737bfb5723ebb7ec85_small.jpg?k=257v_Gfhh33ieO6HK20yWmDpA,
UPNEXT,UPNEXT,7a0dbc62-0ab5-5fb3-99ec-eae95e419ede,False,,,,,3VCx8WYeP6dmWaUgChyvNEqTqaCn9bNDsYBgBVbHTZ68,0xfc2582ef1bff1de69d73ebf482ed9c14d2c59f3a,True,,30667,7,279,482,2548244,-193597.9155109212,,False,2025-10-26T02:51:25.998Z,323,TROUPE KZ,https://prod-fomo-profile-pics.s3.amazonaws.com/a10b0b658702041f4b4c4496a83ea1d3_small.jpg?k=257v_Gfhh33ieO6HK20yWmDpA,
KienNguyen_NFT,Kien Nguyen,bc3cd0a7-4648-5c67-b3cf-aa6410c4b6db,False,,,,,5oLWTR6F2nRC1NyCCK9tWLPL4cQskTk8HWjTB8nqi2QH,,True,,15672,143,336,477,434937,-4654.315466805245,https://x.com/KienNguyen_NFT,False,2025-10-25T07:38:53.321Z,324,any info?,https://prod-fomo-profile-pics.s3.amazonaws.com/d7b09ca788ef593e423eec36d6add8c1_small.jpg?k=257v_Gfhh33ieO6HK20yWmDpA,
DogeSpaceXX,DOGE OG,2d6ac725-b3dd-51e0-b9bd-e1925b59a10a,False,,,,,3m1uDcEftFvadKbeEPMM4njc3hv4752pGJfdEvu3zQjN,0xf928abe39f012f8808ad17c2c5b2f531758891b4,True,,6692,43,334,832,798598,-5834.2676766343375,,False,2026-01-12T01:58:55.029Z,245,to the moon,https://prod-fomo-profile-pics.s3.amazonaws.com/8b278f55bf8c2222f8f7e7cb44b2d8cc_small.jpg?k=257v_Gfhh33ieO6HK20yWmDpA,
ventikohi,Kohi,dcbfc181-b3d0-5735-be1c-135bc49749ff,False,75cefc60-e6f6-4189-8073-18e7cb37db5d,Dabal,,leaderboard,5KVy7JCVrhJHXcDHmyUtWi2ri78KEhjfE3UZULyMjJE6,0x410ddf68cf002b507e91d006e143ed57623132ff,True,,8744,64,242,313,1432962,-3850.2688542405376,,False,2026-07-21T04:51:24.382Z,55,"Oh Heavenly Father, bear witness as I show you the strength of your creation",https://prod-fomo-profile-pics.s3.amazonaws.com/0837f5845f234561d6d19afa65f66a0b_small.jpg?k=257v_Gfhh33ieO6HK20yWmDpA,
XbtPika,Pika XBT,58f6aca6-9497-5d63-b0b8-af852d1ace69,False,75cefc60-e6f6-4189-8073-18e7cb37db5d,Dabal,,search,E9aGsDLRYTfz3JMZYKq4JaGmw8j5Nb55fhfQDHNH7GXA,0x56612ed804fcef43f86baed0c616d3ae9a0d0bf7,True,,20710,0,1004,478,1515299,115929.4005178397,,False,2026-03-17T19:47:57.438Z,180,in the hood,https://prod-fomo-profile-pics.s3.amazonaws.com/87032b4096bbaf5b6604bb09c51e6c90_small.jpg?k=257v_Gfhh33ieO6HK20yWmDpA,42
littlemustacho,Little Mustacho 🥸,c74fb1a1-ac13-5dbb-af23-d28a78650f49,False,,,,,GtiBS9pWVGNdk6eC8PUJe2mkK2vn7tmmoBPqPK7R2ju7,,True,,9095,46,1110,3180,1961827,553.2085520492255,,False,2026-07-06T13:15:04.336Z,70,"if u can’t hodl u won’t be rich, 8figs wallet larping at 6figs find me on X: LittleMustacho",https://prod-fomo-profile-pics.s3.amazonaws.com/beafee5b64402b206ac903241852b40d_small.jpg?k=257v_Gfhh33ieO6HK20yWmDpA,
badabeepp,Badabeep,ad7a5a54-ad1e-5170-9739-8f5060cd2ca6,False,,,,,,0x6feae02e6fd4f43387b2ef2b772a04e2039b0a0a,True,,12197,76,1147,2592,5479405,-19780.39798602329,,False,2026-05-19T18:10:05.868Z,117,100k to 1m or i cut it off,https://prod-fomo-profile-pics.s3.amazonaws.com/1e3f22ac6aca59b8a21f01b13c256b1e_small.jpg?k=257v_Gfhh33ieO6HK20yWmDpA,
LevisNFT,Levis💎,681c6d8c-e914-537a-bc15-7c1c164f2b21,False,bf125c8f-8f99-4b8e-8fa9-675d179ceb99,CookHouse,,leaderboard,25e2rBhTaV6N9zMtzD6bKD7bqNpnk7cYAdBjWVufAQ7Q,,True,,17842,131,1018,1346,2905526,-8563.131024704897,,False,2026-06-23T11:03:56.588Z,83,"turned $2,500 to $800,000 in 39 days. Follow me on X @LevisNFT",https://prod-fomo-profile-pics.s3.amazonaws.com/1e99954c75d9257d17dbfa033e1de90c_small.jpg?k=257v_Gfhh33ieO6HK20yWmDpA,
devwyd,devv,cbd58cee-1a77-5857-8d11-c7114e3754d3,False,,,,,Hkk4yo6LTfRB1B97jr7qx7rbqsaio5MGCKzseCqFjgcJ,,True,,12176,65,381,915,3510286,12480.72308025902,,False,2026-01-17T00:35:33.054Z,240,,https://prod-fomo-profile-pics.s3.amazonaws.com/47c5f69d68a4b649d8cdf1eb398b7bfb_small.jpg?k=257v_Gfhh33ieO6HK20yWmDpA,
insentos,insentos,1a8f7cf4-6665-5d29-860d-0f338511c207,False,e5857909-6100-4425-869f-681beb2be75b,Grand,,search,33vFB2rtG9FDpJReNaJrBF4RZgri5HTVo5gSxP1XfVCr,,True,,107606,56,1433,1083,6703302,127530.11588830623,,False,2026-01-12T22:58:08.682Z,244,instagram: insentos,https://prod-fomo-profile-pics.s3.amazonaws.com/ee87ba00e4325dfa75f8bda3a78ea2a4_small.jpg?k=257v_Gfhh33ieO6HK20yWmDpA,75
metaversejoji,joji,dc854b8a-72a4-5582-aff5-d3abf79cfe7c,False,75cefc60-e6f6-4189-8073-18e7cb37db5d,Dabal,,leaderboard,68XiYbqQedUbV1EboBhtZDtTTzX4vwUBzKB6rbUGPvHj,,True,,26395,73,1630,1575,3964456,197458.26391145197,,False,2025-10-27T17:46:20.854Z,321,if you can’t hold you won’t be rich,https://prod-fomo-profile-pics.s3.amazonaws.com/cRXw4oB9.jpg?k=257v_Gfhh33ieO6HK20yWmDpA,
Visi235,Visionary,8929f835-e3e7-5256-9a48-6bfca97cf997,False,75cefc60-e6f6-4189-8073-18e7cb37db5d,Dabal,,leaderboard,4JafciCHuforHqeWqBhK36DMCGbjbMMZRkvZKis74c4s,0xa98fdae24104a6fbf0799a15069caf749112790c,True,,9495,32,851,62,1162872,88545.74447714293,,False,2026-05-18T19:39:09.017Z,118,,,
iruletrenches,Miyamoto,4b5d8c3d-419c-5734-8a9b-830f2c1b4d9d,False,75cefc60-e6f6-4189-8073-18e7cb37db5d,Dabal,,leaderboard,DyXg3Xp6BoMq5K6Nmdb7hEzPMpkRWH2aXHHZhUgN1gd6,,True,,26567,155,1410,1458,4639038,-64015.89558351925,,False,2026-01-06T19:27:49.504Z,250,It may seem difficult at first. but everything is difficult at first.,https://prod-fomo-profile-pics.s3.amazonaws.com/e89c7c25980a975ae6b4f41005f74ec6_small.jpg?k=257v_Gfhh33ieO6HK20yWmDpA,
VexRex23,Ayovex🦕,684b9477-bdb9-5cd0-84b3-929ff28fdbf0,False,,,,,6qX4Sqi4jDJpDC95ZA6URGSuasv1ef1btAKgF6h38YfH,0x63e43e07634ea089af36bed112fd86f2e899d490,True,,26238,56,994,1425,4448057,37614.92548332992,https://x.com/VexRex23,False,2026-01-15T04:30:20.316Z,242,"if anyone asks why I bought a coin, the thesis is simple, @change bought 👍",https://prod-fomo-profile-pics.s3.amazonaws.com/47205fdaa95a5778db4bcc2fbfe11da7_small.jpg?k=257v_Gfhh33ieO6HK20yWmDpA,
1aboc,aboc,ea3b6c67-b13a-5ce4-ad0a-c99e3f22f250,False,,,,,6BFyW8EJWbhZx12RBn5tqvSEwVWaFWknEZLaQSBgEkQA,0x8911017dab2bbf2f5d2cde2b6b02d60a9ce8aafe,True,,10035,0,1534,523,318609,17894.375834762614,,False,2026-04-15T19:59:21.874Z,151,Like to front run things 🫡,https://prod-fomo-profile-pics.s3.amazonaws.com/ef11437dcc248b3e734318c98e689c8b_small.jpg?k=257v_Gfhh33ieO6HK20yWmDpA,
harrypauldavies,HPD,6b53f677-5ba8-5212-83c9-2b3ce1bf2607,False,,,,,CxXaFHLm62uLEV5WsLK3NzE3Gq4oJMRSLop4L7FizZpb,,True,,20045,97,1431,2109,3214448,-98882.95129882553,,False,2026-07-08T10:37:26.118Z,68,Mr Frontrun. Conviction Capital. Any big spikes down in balance is me withdrawing profits. Instagram- @harrypauldavies for detailed trade breakdowns and tips!,https://prod-fomo-profile-pics.s3.amazonaws.com/d77d3abb6163ed2ff63d24aaa7d948f5_small.jpg?k=257v_Gfhh33ieO6HK20yWmDpA,
Wasta,CRYPTO WASTA,6e33588d-49bc-5692-b6c1-8e41b7fa3b9d,False,,,,,C9jNJ41PxQU1Ri9Xk4To17nE8op156auTepvMB1i1JRP,0x8f9d36832c9d0c220b4d1165c5e661de7dd00208,True,,9093,84,1419,4563,2154658,-6879.372026654064,,False,2025-10-28T17:36:23.293Z,320,"God opens doors, but a man must still have the courage to walk through them.",https://prod-fomo-profile-pics.s3.amazonaws.com/de9ed6e108f731c962ad144c0d340b88_small.jpg?k=257v_Gfhh33ieO6HK20yWmDpA,
yeon__,Yeon,8a82be12-e775-5144-bae8-c97548733bf7,False,f4f46c96-bd5f-4c0f-baa2-4d3e1b8c1f25,Troupe KZ,,leaderboard,DHnrkgve2u4nGAmzSXdWoZSib8ksFea2xxz7N4asSrvR,0x172695ac783cc308fc3699e0a5d161494eb5ad58,True,,9778,33,337,788,3856837,11493.14684613957,,False,2025-10-26T07:43:16.785Z,323,I don’t fall in love with memes. Are you falling in love with yours?,https://prod-fomo-profile-pics.s3.amazonaws.com/ecc08ff461f5520cb335bee50ffb54cd_small.jpg?k=257v_Gfhh33ieO6HK20yWmDpA,
Tsukikage,Tsuki,3df0ebf7-6f03-5388-9a41-f47d4183770e,False,9769b8df-1a28-46d7-80e4-dc64f6377831,HFT,,leaderboard,6URuZAjeHc8XCQyv24Ux7RoHanRScQfbJn3XBvgreZAi,0x8f86b823cd79b0cbc328e18b1cc0c66cc1b583f5,True,,10350,19,654,1934,3251839,-46347.96932687145,,False,2026-01-28T06:27:27.899Z,229,New beginnings,https://prod-fomo-profile-pics.s3.amazonaws.com/327bea4dcfc10479ebfe6f4d387243c8_small.jpg?k=257v_Gfhh33ieO6HK20yWmDpA,
MINHxDYNASTY,MXD,b66e5b32-c043-519f-a0a2-16057b4b6235,False,,,,,3WxibuvNHxSfMY5mBXfzqmbA3svtKpWBUtCqan33PxJS,,True,,42074,96,383,1147,1288060,-22351.982074905245,,False,2026-05-23T20:40:54.429Z,113,life is a video game,https://prod-fomo-profile-pics.s3.amazonaws.com/e8250ebfb65c5570702890d87efeb32e_small.jpg?k=257v_Gfhh33ieO6HK20yWmDpA,
sidequesting,sidequesting,cb4aac28-ba84-50a0-9f32-83a65c5b94a8,False,,,,,,,,resolving,24191,13,489,1460,4176166,-11.695800534216687,,False,2026-02-09T02:15:41.955Z,217,,https://prod-fomo-profile-pics.s3.amazonaws.com/2e2ca572f6efabd9d8e20b5a8a6611df_small.jpg?k=257v_Gfhh33ieO6HK20yWmDpA,
ImChizx,Chizx,5e85f0de-1533-563a-91e6-678b148b144b,False,,,,,4YWbbd445TZyAotSa7NJh2B9Vkm5pda62rv1yUXiYQv2,,True,,13879,52,2358,5001,2780832,-88710.80648726257,,False,2026-01-28T06:10:04.373Z,229,🔞,https://prod-fomo-profile-pics.s3.amazonaws.com/21f1fa0bb1e91fe33dbe8e1289443f92_small.jpg?k=257v_Gfhh33ieO6HK20yWmDpA,
dylansdegens,Dylan.Eth,0ff7c450-4e03-5983-ae5a-b94c9c79a44d,False,75cefc60-e6f6-4189-8073-18e7cb37db5d,Dabal,,leaderboard,3Yfh7KG8PHxZmjp2wx7c74sxTCfmgp5fnWdvbUKj2ggx,,True,,19201,98,1603,1025,1365555,171544.97596219002,,False,2025-11-04T03:20:03.321Z,314,"do not copy me, I’m mentally challenged",https://prod-fomo-profile-pics.s3.amazonaws.com/90a8e3be04c3acdfa9645ef6b3d6380f_small.jpg?k=257v_Gfhh33ieO6HK20yWmDpA,
Iknowwhyy,Iknowwhyy,6fb966e5-ae85-5909-a99e-2ffa041ace5b,False,da2658ed-79af-4236-a0f5-0a60451d577c,Watchers,,leaderboard,8QrAeBvyNj1f54pMwqKkxXXK95bStDZRcqGEcp3nSa4s,,True,,28074,130,1174,695,7546896,-83695.29111807351,,False,2026-07-11T10:48:19.197Z,65,ni hao,https://prod-fomo-profile-pics.s3.amazonaws.com/ac92c24c888503cf3dc1fc6da7abde9a_small.jpg?k=257v_Gfhh33ieO6HK20yWmDpA,
cryptolyxe,lyxe,b8e9aa2b-e6a2-57d8-8caa-18fa4f97c6a8,False,75cefc60-e6f6-4189-8073-18e7cb37db5d,Dabal,,leaderboard,4tgijrrTQMCqhJxhH9xETjGmvbq8TsEZ8DMzKd6maFWe,,True,,33997,31,1784,525,1556131,-176839.89579376788,https://x.com/cryptolyxe,False,2026-01-30T12:21:33.309Z,227,let’s win,https://prod-fomo-profile-pics.s3.amazonaws.com/5e75da651de7726e68c83500397961de_small.jpg?k=257v_Gfhh33ieO6HK20yWmDpA,
rebelwithsnacks,Rebel with snacks,cd783122-65ff-5e20-8e67-21f9920a4d6d,False,,,,,3RKDeGHTSAZjhW5ktVYv2M3SjrA9NHWCBkm3nuXBcUwj,0x56aa468711b64c852a1fe360f68e6548cc907d9e,True,,12476,56,1467,2045,1352374,-54367.54283799915,,False,2026-05-11T15:42:49.641Z,125,"Former Japanese soldier, current assassin.",https://prod-fomo-profile-pics.s3.amazonaws.com/8e68669cc2a3d59650a0e47a9490cd78_small.jpg?k=257v_Gfhh33ieO6HK20yWmDpA,
Clark10x,Clark 🆓,66590745-625d-5fb0-bd14-b22117bdd79d,False,1eec89a1-5679-48a1-9ce6-338bd76328eb,Conviction Capital,,leaderboard,BSsyo5oh2tuaZBjjWq6V3NHS66BTHfmV1aJd6RDyknLQ,,True,,16754,168,1290,2246,2110336,34526.32959362064,,False,2025-10-25T15:40:56.766Z,323,Gambool,https://prod-fomo-profile-pics.s3.amazonaws.com/9e0e95f485a45c06cd327cd8b84d3b06_small.jpg?k=257v_Gfhh33ieO6HK20yWmDpA,
cryptoolin,cryptoolin,0c2b3aa0-d6b2-55a8-92e9-32c0ff3ddc63,False,,,,,6b5JivZqr5G8SCjgDQxqm8DgtiN4PufJRFS8yCWSFxRk,0x1cc0da97c11bccfdabdc05a81f4dcb814e64b008,True,,7785,41,2438,796,2658287,114508.64116543252,,False,2026-04-18T23:38:42.248Z,148,freedom is the only real flex,https://prod-fomo-profile-pics.s3.amazonaws.com/d1f6ab648c85964a8ac37fb70f338b08_small.jpg?k=257v_Gfhh33ieO6HK20yWmDpA,32
boosteryting,Jack,10a5abb0-a808-5b4e-a516-0c3078a66d97,False,1eec89a1-5679-48a1-9ce6-338bd76328eb,Conviction Capital,,leaderboard,EVqxB3F6iUBeWsTpBFQqWwxpqUS8s4NrzgxBvQ2VRbTq,,True,,61307,16,3287,3430,1667390,348875.0291614579,,False,2026-02-27T14:47:41.600Z,199,We all hold fapcoin in the end,https://prod-fomo-profile-pics.s3.amazonaws.com/0aea0c042b41df281bd6f12f7fe24988_small.jpg?k=257v_Gfhh33ieO6HK20yWmDpA,
fibs,"fibs (6,9)",197fc3a2-475a-5178-9b25-85bdc43481fd,False,,,,,FhsbQzAJWVDNwaH61cTo6XkkfEsmSYMZKs9VJHH32bVG,,True,,33660,286,2764,5995,7733155,-55287.45307968429,,False,2025-12-08T21:31:58.491Z,279,I will make it all back for my baby boy.,https://prod-fomo-profile-pics.s3.amazonaws.com/71ee7a04988fa72bba17c34bf7ffde40_small.jpg?k=257v_Gfhh33ieO6HK20yWmDpA,
UncommonWealth,✿‎,a584cdbe-2e74-5c87-aacc-a32b873db67e,False,,,,,,,,resolving,7732,0,976,747,931223,-18757.523068604292,,False,2026-08-10T00:58:10.541Z,35,,https://prod-fomo-profile-pics.s3.amazonaws.com/a0fbd4fbe7b6be7dd79e2395b98838ec_small.jpg?k=257v_Gfhh33ieO6HK20yWmDpA,
397397,Lasercat397,61902b09-5394-5cf3-83ed-ea5fa93e963a,False,,,,,5dB6rj9CoXMLQCAymoC5UXCb1LtFjbM5rbut3MNuj9Q,0xcbaea88c17888e3c7b84117bd6ebbdbf4f95b810,True,,113851,5,2347,506,1988798,-268683.9109165261,,False,2025-11-08T07:44:43.983Z,310,不要跟单我，这个号是小号会乱买，谢谢。,https://prod-fomo-profile-pics.s3.amazonaws.com/00c4d6cada22e403e1db0a0d9edc1294_small.jpg?k=257v_Gfhh33ieO6HK20yWmDpA,56
SerAvocado,Avocado,ffc526bb-b778-56db-9801-a2d0ffaf0972,False,,,,,8RCEq8RrBJ1G6eji9vZqjtjQgkDjUHMysPtynZENWo7S,0x0e17fc4e333958e7b259ab652f334b2f5bbdb27e,True,,165605,138,1366,917,3189634,-186628.20416836673,,False,2026-08-14T23:06:52.928Z,30,El dinero llama al dinero.,https://prod-fomo-profile-pics.s3.amazonaws.com/9fb4af5ef071ecf1b9627463bc55c122_small.jpg?k=257v_Gfhh33ieO6HK20yWmDpA,68
Ew4rdo,Ew4rdo,1c4f6c67-d744-58c7-bf09-2d0150150226,False,e5857909-6100-4425-869f-681beb2be75b,Grand,,leaderboard,,,,resolving,8137,83,174,416,1676827,-6844.992649836888,,False,2026-01-13T07:40:40.568Z,244,,https://prod-fomo-profile-pics.s3.amazonaws.com/0c3aacf0796aec3094f15bfdf8c10bd9_small.jpg?k=257v_Gfhh33ieO6HK20yWmDpA,147
CryptoTalkMan,CTM,f7bb979e-74e7-59ec-aafe-69a0c3846c69,False,,,,,7jNRZuKsEXBEp8JSBbEKHsL42mw8WxveriEBthURg3oF,,True,,17969,56,834,2015,3443879,-81621.48170105871,,False,2026-07-05T19:26:52.646Z,70,"i turned $10,000 to $1,000,000 in 38 days X: @CryptoTalkMan",https://prod-fomo-profile-pics.s3.amazonaws.com/d74a5c8df61e44492cad2809bb58a559_small.jpg?k=257v_Gfhh33ieO6HK20yWmDpA,
patrickb0x,Patrick,2c58a2a7-e429-56e8-aaea-fae80c4dd880,False,,,,,G4anwTPQEH8yMi8vGFWftJtbEfH9TsX4WAj9cD8dfyvq,0x1bfdde524ba79f0765e7d91571f1bf52d46965c6,True,,9066,41,885,460,116659,-40206.016271122266,,False,2026-04-17T11:37:56.645Z,150,Conviction Capital,https://prod-fomo-profile-pics.s3.amazonaws.com/7817a4ba6fb4531c4a0f00614d8924d7_small.jpg?k=257v_Gfhh33ieO6HK20yWmDpA,
sadcrissy,Crissy,d3ab4d35-73ea-5f92-a20a-31e8077fe9cf,False,1eec89a1-5679-48a1-9ce6-338bd76328eb,Conviction Capital,,leaderboard,7FJDJ1HaQfL3GAcMCzoBrJ9Accnf5GUYYwfEPCBCDcVK,0xfec1002223824973bcd7907d133b4c027beb40c0,True,,44224,92,2277,4898,6213904,267600.7805714209,,False,2026-06-03T00:18:38.938Z,103,conviction wins,https://prod-fomo-profile-pics.s3.amazonaws.com/eca768b63e4c342cf7a912968405a1eb_small.jpg?k=257v_Gfhh33ieO6HK20yWmDpA,
cefuli,cefuli,4b81b47c-42d0-5e0d-b6f8-a08b92cf041a,False,,,,,DDppFHmDSdtAotQzkwqU2iE8ieXXmYACpb4dUnJD4vhq,,True,,11568,54,831,2882,4160013,-52621.619004633234,,False,2025-10-23T00:03:48.032Z,326,"$2,000 start",https://prod-fomo-profile-pics.s3.amazonaws.com/d0b0c91482e06fcdf1b6a0446f6457d9_small.jpg?k=257v_Gfhh33ieO6HK20yWmDpA,
redemptionjizzy,redmonster1,b81c99b9-4ec3-546b-b0d4-3c899ec4e652,False,94b4d703-4394-4cf5-a578-af2534390434,The Office,,leaderboard,6451zSoUiy4GZeq2vEUHb73LcDJ8eeCHXEaGSqL8K6Fj,0xd6d6d0a28b1cbeb21f5f7fc39107084363e4dfe1,True,,7558,253,743,2627,2956243,-33087.491357503575,,False,2026-06-15T16:08:51.527Z,90,Memecoins,https://prod-fomo-profile-pics.s3.amazonaws.com/4324a2456cd2bf49ac93d5c914fddc84_small.jpg?k=257v_Gfhh33ieO6HK20yWmDpA,
ericceth,Eric,2c10d848-efd7-5c91-86ca-569a33a0e8cf,False,,,,,3EmnFHt5dFo5RW4oJf4zruBKJtm2gNgTkGCB5n6dXDvf,,True,,15822,309,689,1585,4553796,-61404.57305481969,,False,2025-11-26T22:11:47.216Z,291,20k challenge till I lose it all,https://prod-fomo-profile-pics.s3.amazonaws.com/8c25ff5f7412777f1aff16047081e19c_small.jpg?k=257v_Gfhh33ieO6HK20yWmDpA,
Dxranteth,Dxrant,6ab262f8-513a-551b-84b3-027709c76e04,False,e5857909-6100-4425-869f-681beb2be75b,Grand,,leaderboard,,,,resolving,58076,123,1250,746,5744592,20000.384450234473,https://x.com/Dxranteth,False,2025-11-14T02:00:09.420Z,304,,https://prod-fomo-profile-pics.s3.amazonaws.com/edc478aebec0ae3c0931147b57059a47_small.jpg?k=257v_Gfhh33ieO6HK20yWmDpA,73
Quanterty,Qwerty,36565fe5-7f8b-5a43-a8d0-c76b12f44225,False,e5857909-6100-4425-869f-681beb2be75b,Grand,,leaderboard,8f39XhhZoRD8sYb6K5K9N7iSHXkL7BDmFFQNDF3TtsEr,0x0121525f755c9e7bbc525bba6672716ab46ced57,True,,273648,75,2431,560,9350678,-268321.24970891606,https://x.com/quanterty,False,2025-04-14T21:15:45.838Z,517,Don't copy trade. Thesis post ≠ shill.,https://prod-fomo-profile-pics.s3.amazonaws.com/63060c5c91e78fd3e15b08b7296b0c67_small.jpg?k=257v_Gfhh33ieO6HK20yWmDpA,
ineedtowin,die trying,32478c7f-352a-58e8-9b7a-90f539b088ac,False,,,,,AKg8Z5MfUUZsrM2xVzRHVzuNWigzi1C5aHKHED9XNpGs,,True,,19368,268,858,2711,3735309,-1284.8079596723546,,False,2026-03-30T15:36:45.945Z,167,adapting. ineedtowinfomo on X,,
NDF_Sonar_trade,"NFTDefiFutures (🥅,🥅)",4614d0dd-93d8-5525-b48d-43e42449dc58,False,,,,,9MsCdHnAb5PiHBCNkPXfvLYnNMppgdKknNr2RoYUdpVc,,True,,19925,41,481,704,1812562,-60233.451957278536,,False,2026-06-15T22:38:36.525Z,90,"All large positions acquired and sold via self managed MM Sonar.trade @TribunalCourtofDefi for long form calls currently losing my $40,000 to $0 challenge",https://prod-fomo-profile-pics.s3.amazonaws.com/51b2458936c9f9e4e3b58803628e6b4b_small.jpg?k=257v_Gfhh33ieO6HK20yWmDpA,
machibigbrother,Machi Big Brother,000eaee0-50d6-57b7-9d8f-d92196340372,False,,,,,CvmrvyKfkJQtGNVKzaJ6H337CN9F2vxrLsZZnmjP2omq,,True,,13069,0,101,364,315558,-498.2154368384581,,False,2026-08-10T19:22:16.122Z,34,,https://prod-fomo-profile-pics.s3.amazonaws.com/4fabb413097ad96faec4950b5e135c15_small.jpg?k=257v_Gfhh33ieO6HK20yWmDpA,
HumanMixedElk,HumanMixedElk,919bf5cb-561a-5955-90cb-f1622119aac7,False,,,,,DSxttSwtcWM5fygkCyha6MvPww7MVFzYmqPKH7ZMUSs8,,True,,3711,1,52,191,212212,-0.22175450231407012,,False,2026-05-06T16:56:13.234Z,130,10k -> 100k,,
tontheneko,ton,2251aa65-06e0-5845-bacb-75bdbae5dd31,False,,,,,7zyowp3jJHuVTm5VBkht21EgZHmbFTZR3edTAeqcy8Da,0xa3ad0dc6b280ee4373306200444e2d5d1133b42c,True,,3528,3,2941,6999,2614580,2574.778753705614,,False,2026-04-23T14:47:12.686Z,144,I think having a positive mindset is very helpful.,https://prod-fomo-profile-pics.s3.amazonaws.com/96a6f35c1f3f4cd6b82f78bc4d26b2c5_small.jpg?k=257v_Gfhh33ieO6HK20yWmDpA,
0xangeryy,angery,cc96aa7d-9777-5013-8029-449c6456e4b0,False,,,,,,0x340e669fc0ccfa36b29a6cbdfcc919570643b7fc,True,,11130,99,1442,1327,4630244,-48331.43415727469,,False,2025-10-21T20:20:52.947Z,327,0,https://prod-fomo-profile-pics.s3.amazonaws.com/abdd4bd85cd58025515457f711b82f07_small.jpg?k=257v_Gfhh33ieO6HK20yWmDpA,
kyle,kyle,87f77c24-44e0-5696-baaf-dfe732083954,False,,,,,EJ1izM56eBS5baVLk7Q4iaQvsgCPa3W5bZgc44wwHz8U,,True,,40778,100,1561,1291,1938765,142786.9645187026,,False,2025-04-30T00:39:39.018Z,502,follow me on twitter: x.com/kyle. i sell.,https://prod-fomo-profile-pics.s3.amazonaws.com/7d5d73ffb806613a8181e32434794d86_small.jpg?k=257v_Gfhh33ieO6HK20yWmDpA,47
midcurver,Midcurver,0260c116-77db-5e28-a1f5-6df354098a51,False,,,,,,0xbed255d35491adc469a2d89d1d23e1508ba58d50,True,,3448,72,1480,931,4150882,57140.31472263532,,False,2025-10-26T02:54:50.498Z,323,,https://prod-fomo-profile-pics.s3.amazonaws.com/78553daf41018676fcf3045ae78439cf_small.jpg?k=257v_Gfhh33ieO6HK20yWmDpA,91
Rowdy,Rowdy,e89522ff-73b5-52f3-b1e3-ef8f60e90775,False,715a68a6-657e-4424-8c65-68ad3af899b1,Fantom Troupe,,leaderboard,CzU8MaRcwvwUoNkwJFLbvtFWJugcEXAhDDQqNFE4ybb7,0x03ba951f72e59899ac8dab30cb5624dbe5d52bb8,True,,189028,76,2886,1928,12294256,-7647.773297023494,,False,2025-04-22T00:04:56.298Z,510,the biggest risk is taking no risk at all insta: @rowdycrypto,https://prod-fomo-profile-pics.s3.amazonaws.com/14c9474182c1f53368459b183dbd8ecc_small.jpg?k=257v_Gfhh33ieO6HK20yWmDpA,
0xdetweiler,Theo,72460ae6-1ddc-5a56-b155-f8e187a4f388,False,,,,,EC2f5DnHzuNRit1ExqghSifDbp1wgrzktsRRZCtU92MJ,0x838a336d19ae121a0ca754ebbdd57282de656dfa,True,,45315,25,2558,6140,11701440,-325238.9692840944,,False,2026-01-30T08:55:05.173Z,227,idk wtf im doing.,https://prod-fomo-profile-pics.s3.amazonaws.com/8d02df05365b0ba4abde7c083af1f6fa_small.jpg?k=257v_Gfhh33ieO6HK20yWmDpA,4
0xAvast,Avast,77e707d5-3e83-55f8-8ddd-acc0b893010c,False,f4f46c96-bd5f-4c0f-baa2-4d3e1b8c1f25,Troupe KZ,,leaderboard,8xL8S7P4QLdTGRquHas8NP5EVjp2qUGbmSgrkh97mvmq,0xcc0c581613dfd4ace7c8686668427236f8bd5cc5,True,,316568,32,1652,556,1999008,-750385.7935150149,,False,2026-07-10T00:28:06.760Z,66,You can just do things. Co-Founder of Tomochi TROUPE KZ 🕷️🕸️,https://prod-fomo-profile-pics.s3.amazonaws.com/a1d03f95749bb2c2150d9c682f5fe90b_small.jpg?k=257v_Gfhh33ieO6HK20yWmDpA,
Pyro,Pyro,62ab873a-de38-5b7d-9bc4-dbd4445c1fe0,False,bf125c8f-8f99-4b8e-8fa9-675d179ceb99,CookHouse,,leaderboard,6F91X5t8af1yRHALkwf8EStEn6mKYvsW8zpLiVpfYr38,0xcdda172e839ebb781639b9d1b668dbfe0bff3834,True,,15051,65,266,746,905037,-253326.71535625507,,False,2025-10-16T23:26:37.253Z,332,GREEN BEAN 🍀 20k -> 1m Challenge Complete ☑️,https://prod-fomo-profile-pics.s3.amazonaws.com/a1870b27e7d90dd8fe481f18f9f12a80_small.jpg?k=257v_Gfhh33ieO6HK20yWmDpA,
ether_monk,Ethermonk 📿,b8d2fc17-0b5c-54c3-af67-137c6b4e4bf0,False,bf125c8f-8f99-4b8e-8fa9-675d179ceb99,CookHouse,,leaderboard,2xUbYAVq1oJGj45d6JjnaYHAke3NQecUcqWvvVbwmYw8,,True,,325463,74,3020,737,12067065,106669.38523097895,,False,2026-02-14T20:25:32.788Z,211,"sometimes less is more i do not have a telegram channel or paid group, becareful of scammers",https://prod-fomo-profile-pics.s3.amazonaws.com/24b5ebff61d598b568a2c8676318236b_small.jpg?k=257v_Gfhh33ieO6HK20yWmDpA,
Zunoxbt,Zuno,28e099a6-61df-51de-b46d-ed08b5bc8935,False,,,,,CbwjCrMkVcheoGrVSWaoZRVHvTrNXSogBVBUrAov131y,0x3a4e287a420491f3fcf64f569e2f9fd0672984d9,True,,5825,340,191,672,2643725,2919.242180510424,,False,2026-07-27T23:20:26.306Z,48,Student of the game,https://prod-fomo-profile-pics.s3.amazonaws.com/88e3f46e2ca48327e8559819b4ee63ab_small.jpg?k=257v_Gfhh33ieO6HK20yWmDpA,
RZDxbt,RZD,779bceab-5c5a-5cf2-b76c-193ff7beed0e,False,,,,,5MfuqNSawthUL1qdJJTN8DauQvJYSUkuuZuySXuVc6Tz,0xafe3b520b70db0f7fb50d2e1fc00e9b837abc322,True,,12955,25,570,1791,2410959,-256513.40440441878,,False,2026-01-28T17:07:53.863Z,228,https://x.com/rzdxbt?s=11 For the people by the people. Roundtripped 7 figs getting farmed by the the KOLs we all follow. If I ever join an FNF flame me,https://prod-fomo-profile-pics.s3.amazonaws.com/61f396ce6f54bf989a4a348d6773e31b_small.jpg?k=257v_Gfhh33ieO6HK20yWmDpA,7
J777Crypto,J777Crypto 📿,28928435-dfa9-5413-9910-d37044bbe200,False,,,,,4GmFQuqUpqqo3Zgo1UNXaQGA78vDtyYCrm4SbKkkSFpV,0x43f61d1fe0f26115d111ede05b851f5976d9345a,True,,14362,177,386,882,873861,-17.65107617162721,,False,2025-10-25T07:53:22.496Z,324,We WIN,https://prod-fomo-profile-pics.s3.amazonaws.com/195ae4da5663182f682712a1834ed938_small.jpg?k=257v_Gfhh33ieO6HK20yWmDpA,
The__Solstice,TheS◎Lstice,888d8a2c-a25d-5543-86b2-1dbd03cf4479,False,bf125c8f-8f99-4b8e-8fa9-675d179ceb99,CookHouse,,leaderboard,4ugDhHJ8XDXAeABmrNmGffFaLbJb9BkPyiFGVSV9ocwo,0xd1c77a04b87393e98a1220532e72e8f7d0a31c5a,True,,237632,72,2326,1168,2758036,-1151100.1486500967,https://x.com/The__Solstice,False,2026-03-10T03:10:23.127Z,188,holder in a trader’s world,https://prod-fomo-profile-pics.s3.amazonaws.com/eb2964462438bba9a804412266799318_small.jpg?k=257v_Gfhh33ieO6HK20yWmDpA,
MEADGod,Ozzy 🅿️,7c750c59-dd38-54b4-bb4f-518b597941f9,False,,,,,H2uRkYPzvXLYmhPfMh4X6jijAMKcynedszDz3SECaRw9,,True,,31477,31,2783,302,73550,95222.97766949906,,False,2025-11-04T14:44:25.261Z,314,我爱你,https://prod-fomo-profile-pics.s3.amazonaws.com/2b8d2a76ae86c3eaa5f5e6bc3cc7a525_small.jpg?k=257v_Gfhh33ieO6HK20yWmDpA,54
mattkalish,Matt Kalish,884b02cc-ac25-53f8-a569-6527624b98b0,False,,,,,,,,resolving,10699,4,44,37,179780,-3966.0245561938195,,False,2026-08-09T01:56:29.145Z,36,,https://prod-fomo-profile-pics.s3.amazonaws.com/73a3995cae8aa5dc2e7314bd55be3621_small.jpg?k=257v_Gfhh33ieO6HK20yWmDpA,
OinkersRUs,Grant Liu,699d520e-b770-5d7b-997f-c4c4fe848f7d,False,,,,,DPAN2Vig8BokpQCCu4mtV1mTWYLS7ktKe1hHKVBcsayL,0x4946384166c60244cf383927bd7d2536ed2ae962,True,,14419,85,1422,2592,2459547,-803.5376414887141,,False,2025-10-20T03:51:53.473Z,329,death by Impalement 500 to 1m for a datejust from se,https://prod-fomo-profile-pics.s3.amazonaws.com/2d715d1831b52b142add6efee92d9ec2_small.jpg?k=257v_Gfhh33ieO6HK20yWmDpA,
PoorGoat_,PoorGoat💛🐈,df983a8b-5e5b-5e91-802f-1472e96f04c3,False,1eec89a1-5679-48a1-9ce6-338bd76328eb,Conviction Capital,,leaderboard,HDixbrzwwLXczhDBk1JVrurPQsuLE8FUKnW2pucSXN3o,0x9ce0cb4a193acbce0dca3283972341aed6f3f614,True,,515541,33,3499,1775,1517625,610000.8040872384,,False,2025-11-11T13:50:41.428Z,307,Road to 8 Figs 💛🐈 Find me on X @poorgoat_ I WILL NEVER ENDORSE A POORGOAT COIN Never blindly follow anyone’s trades - including mine. TRILLION. DOLLAR. CATE.,https://prod-fomo-profile-pics.s3.amazonaws.com/9f9d7ee2e587acaa358bb13a04118b9c_small.jpg?k=257v_Gfhh33ieO6HK20yWmDpA,
smokey0x,SmokΞy,a7883c43-7415-5448-809d-97f5982998e1,False,,,,,6My97BBVoJz3j7mQWFVz5pykFxMsCs44gjhaqmczcAND,0x11be90061fe0cf45f075ca51ae0c3bcb69c28b1d,True,,39585,106,630,1122,2546831,-73656.83607801047,,False,2026-01-05T00:06:05.915Z,252,☆,https://prod-fomo-profile-pics.s3.amazonaws.com/40d7da4855a955bc449b8723dadb630d_small.jpg?k=257v_Gfhh33ieO6HK20yWmDpA,
NoGiOlMoKiNi,NGOP,d7fd4c2a-5df5-5142-bee3-f9977ef94669,False,,,,,,0x53644cb9f8e6067c8fd5d546b1fd06805067a3ef,True,,7620,24,562,1320,578978,-124522.48039447039,,False,2026-07-09T20:55:33.329Z,66,"Spot, hodl, touch grass",https://prod-fomo-profile-pics.s3.amazonaws.com/b023672310b3b4284f89890492915dc2_small.jpg?k=257v_Gfhh33ieO6HK20yWmDpA,
0xjumpman,시발,5c1f2da6-a674-5c67-b07c-2c846daa11a0,False,6e76e007-b43e-4153-a58c-fe61a2180163,25er,,search,8qdRkqTY5ceQsZLRzGytwE2sW3qLGGJmVrgooWor4TiH,0xb988681d5aeab116ee3d3dae2319e3bc4dd5a0b0,True,,10213,140,1291,2735,5145389,53880.78832948224,,False,2025-11-13T03:45:14.539Z,305,dreamer,https://prod-fomo-profile-pics.s3.amazonaws.com/4f158dc7ed25547a113b773a0cb490d8_small.jpg?k=257v_Gfhh33ieO6HK20yWmDpA,119
loganlim_x,Logan Lim,a1a13516-71ce-5191-8b55-089125ade8a1,False,,,,,,,,resolving,122422,0,2758,2671,17415337,-33303.24329327482,,False,2026-07-09T16:32:53.057Z,66,"John Summit will lead the way. NFA, DYOR",https://prod-fomo-profile-pics.s3.amazonaws.com/e07cf12864bc315490934513347ff8f6_small.jpg?k=257v_Gfhh33ieO6HK20yWmDpA,
BitmanTW,Bitman,79c9cb43-acf7-5772-8778-0e25eb30d42c,False,,,,,4vER1GJQs73HtN9oYRswHZV4PSe2dvWQ8NLFoDhXeZjm,,True,,7972,164,2241,6778,4324130,78405.04013569918,,False,2025-05-06T19:26:35.998Z,495,應無所住而生其心,https://prod-fomo-profile-pics.s3.amazonaws.com/f4f42fc1c707c766da9bcea38b999868_small.jpg?k=257v_Gfhh33ieO6HK20yWmDpA,53
RapidTallTapir,RapidTallTapir,52785a58-a43a-57c6-bf38-80860246617d,False,,,,,3HUKHwuVQpk4fZTa45cAzP4SqTLUFKtXKtoKSt1etS5F,0x328ad5379807f72324220d7f9d1a3422721fc651,True,,11224,33,177,838,2627906,0.020769291324540973,,False,2026-07-20T17:04:49.226Z,55,,,
frankdegods,frank,aefe2ddd-c580-5245-a2f5-e4ed62f7ef10,False,,,,,498g1rVnFcnjBjpfw1xyqA1WvgQXUU8RWuELjxkjAayQ,,True,,268469,320,6379,8035,58448845,130551.32929345127,https://x.com/frankdegods,False,2025-09-03T23:25:33.441Z,375,.,https://prod-fomo-profile-pics.s3.amazonaws.com/2a1c8c28af76a3ae581e4b076a369366_small.jpg?k=257v_Gfhh33ieO6HK20yWmDpA,18
0xnobi,nobi,ab12eb3f-c4fa-516c-a6d5-e476abbe0160,False,11e5d07c-6f1d-4aa7-8a0d-aacf1c5f2033,Nobi Ventures,,leaderboard,7MjWHGVQNo9SAsAQqK2rAjoeCjefhwYQEy3UhggxakTU,0x8afc1142f5d3ca6c55bbc8c81d0c9cdf2cce380c,True,,50560,1,1727,2837,1074419,49254.787484148284,https://x.com/0xnobi,False,2025-09-07T20:27:26.795Z,371,ubi caritas | do not send me coins,https://prod-fomo-profile-pics.s3.amazonaws.com/8d6aa32ee883fb1cb379bd74716b77ae_small.jpg?k=257v_Gfhh33ieO6HK20yWmDpA,
hopa,hopa,939098d4-d7bf-56cd-a34e-2be3c3e0fd1d,False,,,,,4zRCqKs1pEfQ16M6NMHXXoaWfLjdaCWCzF2mPmFSK9wr,0xd719b156d08e11523da7c326a17ecbfbc7689b07,True,,6471,106,696,1644,3132890,1289.9896510791732,,False,2026-06-07T19:27:51.286Z,98,,,
sol_engineer,sol.engineer,2b31b1ed-cfd6-533c-9a49-f8393a68a6e9,False,,,,,4YxyRTLsK88uQ83bWoanu1x2FHo312b7JrcRqYPudD4p,0x7a31001f1411fce8f0e928dee0685f9ecca1776a,True,,12867,31,551,1068,2312422,-535.0260323472612,,False,2026-07-08T17:22:25.299Z,67,8 fig or nothing,https://prod-fomo-profile-pics.s3.amazonaws.com/0bf491679afc7dae084d0cbd5ff11148_small.jpg?k=257v_Gfhh33ieO6HK20yWmDpA,
MoneyLord,MoneyLord,b96409a1-2ef1-561d-a10f-771d06ae96fc,False,,,,,6VAN619AsUhnsoAjnZTfYo8Whrrn92dfLFYK1rDxfZtn,,True,,23990,17,267,558,2595153,-53988.88887765538,,False,2026-06-19T10:58:23.001Z,87,40k$ > 10m$,https://prod-fomo-profile-pics.s3.amazonaws.com/2c0c0aeb582cefdfd080f853f31ec2ba_small.jpg?k=257v_Gfhh33ieO6HK20yWmDpA,
BinkBinkBink,BinkBinkBink,5c75cd71-51b6-55e6-894f-f2d2dafcc799,False,,,,,78thMY8yfYzXGRhSArPMr7j8Rsh5QEPZviHVPfEfoMDM,,True,,32040,244,413,591,8039460,-659.8024805561167,,False,2026-06-12T21:59:27.484Z,93,this acc is getting nuked in a week,,
ogle,ogle,679a7cbb-1635-5415-896a-9e8151b74686,False,,,,,jrbGz3zoBJfptXF967xp6h5TBRV55ArvGeWxTQVs5Ux,,True,,156958,3,1220,256,561901,-432925.83709117956,,False,2026-07-06T19:16:25.904Z,69,@cryptogle on x // advisor to World Liberty Fi and America.fun // crypto since 2012,https://prod-fomo-profile-pics.s3.amazonaws.com/7291f37a00d6cb9c9d713bf0b4308353_small.jpg?k=257v_Gfhh33ieO6HK20yWmDpA,15
Bull_Path,Bull.Path 🫵😹,55569945-1810-52f3-9419-fb3a33c55ad8,False,1eec89a1-5679-48a1-9ce6-338bd76328eb,Conviction Capital,,leaderboard,F11mt2PsYTR7RF7hzfvFyeFbWREiCS3soa5pGbPX88Lb,,True,,24214,44,1859,871,2200575,309509.64874995523,,False,2026-02-25T23:28:44.709Z,200,lets see if im good at buying and selling stuff,https://prod-fomo-profile-pics.s3.amazonaws.com/2149706bfdbb1cf465957d76473db62e_small.jpg?k=257v_Gfhh33ieO6HK20yWmDpA,
RuneCrypto_,RUNE,c75d52a1-020a-542c-9ad7-422a30095ec6,False,,,,,3CPHk5b7SRvAsTsocehAu1bA5YKMXJYMr3qc2SuMFkWY,0x180906a0ef400e4747eac35d4e02ffa18979e328,True,,103736,90,1822,1982,10764671,239.37075894750888,,False,2025-10-24T22:48:41.476Z,324,funding my side wallets with anyswap.bot 😂,https://prod-fomo-profile-pics.s3.amazonaws.com/ee2a88a858e02f0385290eecdf562155_small.jpg?k=257v_Gfhh33ieO6HK20yWmDpA,
seralberttrades,Ser Albert,30363fdb-12e2-5b3f-ae64-29aa2818094c,False,9769b8df-1a28-46d7-80e4-dc64f6377831,HFT,,leaderboard,,0x91645809dd21c69aa6ffdb71c7b7d8a443a18fda,True,,13400,160,875,3147,8495492,-136810.42998015392,,False,2026-03-11T06:56:45.765Z,187,"no, this time it’s not different. full trade thesis in my channel: @seralberttrades",https://prod-fomo-profile-pics.s3.amazonaws.com/c802ad1a9d9bd56a92b25975db03071b_small.jpg?k=257v_Gfhh33ieO6HK20yWmDpA,120
0xdedrater,Dedrater,8b335839-be76-5946-8d11-885f628774df,False,,,,,FZ8ofuKKQbZ6QKRGYb75hD2Un56MKJzF6zErpcLn3Cma,0xa94d2eb35b6d9e2c3c9e53ac83d263d4d2f21137,True,,12942,329,2101,6538,17906315,28636.881032045465,,False,2026-02-18T07:49:56.201Z,208,why does it hurt when i pee?,https://prod-fomo-profile-pics.s3.amazonaws.com/e24803d7fe75df297ac41848f7cf09bb_small.jpg?k=257v_Gfhh33ieO6HK20yWmDpA,
SolSwizzle,Swizzle,f6e569a8-a72a-5158-9954-4b766245d43a,False,fc94d51d-4a71-4078-a635-77a11c94a2e9,Risk On,,leaderboard,CpKuhcFHogvrq7Fx3enu57xTRkh1WyzER1TVVBimC5mo,0x44fbe0006661d6d17188f1f6d42b32b5577179f7,True,,54136,46,2027,2630,9272609,-651202.811698799,https://x.com/SolSwizzle,False,2025-10-14T01:08:05.102Z,335,Degenerate Philosopher,https://prod-fomo-profile-pics.s3.amazonaws.com/80f89f95d868fa8a7587ac639e514653_small.jpg?k=257v_Gfhh33ieO6HK20yWmDpA,
riskit,riskit,b3c5e365-1092-50be-ae94-c50d52b92870,False,,,,,EvxbPV3uwE2e4cKkGXRrLJKbXcJmRdnWFqiVAm3rtK8F,0x55bbe6ab7f934e3110f97c21cdd878a482354226,True,,4698,40,374,1725,3546983,-859.2374823916089,,False,2026-04-17T00:42:13.642Z,150,project risk 10k to 100k first now thats done  Time for 100k to 1m Welp time to try to run it back 180k ath :( I will come back.,,
31337___,31337,63e8d792-a505-54e9-a0df-3909a09be72b,False,,,,,H7PKyDYaESrpuZEMcPv7wjCnSjYA5R3n4i11bRKZFB2E,0xc9cafef2258a07f8455da92438360318b34848e2,True,,40904,502,5197,13116,6681905,-22016.10083295661,,False,2025-04-26T07:52:51.296Z,506,mostly ai / tech plays sometimes memes | vector.fun OG.,https://prod-fomo-profile-pics.s3.amazonaws.com/62420e3f619826bb802f4c290d0f4348_small.jpg?k=257v_Gfhh33ieO6HK20yWmDpA,
aki11a,aki,c0fc530a-4274-5c49-bb78-06f33c82588f,False,221cf9d3-712b-41a6-aef1-40c12308d68d,Reach,,leaderboard,85o5GZhor1ygRCzGDNRcsRCJyiQ3daGTGYHNXvCTJ4J7,0x3740315ddb76c09c873eddb71fcf3e2802991abe,True,,17095,16,1110,331,1274434,-94877.77389455959,,False,2026-04-14T08:34:23.226Z,153,"if I die, I die.",https://prod-fomo-profile-pics.s3.amazonaws.com/26ca764f0865cce8ccc27a06aed06029_small.jpg?k=257v_Gfhh33ieO6HK20yWmDpA,
cryptokillua99,Killua,14f951be-d75a-50ae-be0e-dfdd5dfb1f6d,False,,,,,98bTNSZo7eNyYASDkeywE3BuhoHXEueWScEKVkwBdG6H,,True,,20161,14,190,392,659291,-6.514580828210455,,False,2025-11-12T05:04:09.026Z,306,Troupe KZ 3K challenge:,https://prod-fomo-profile-pics.s3.amazonaws.com/584e8050ee5b555c3565cabbfdbe8a0e_small.jpg?k=257v_Gfhh33ieO6HK20yWmDpA,
ArtofConviction,Conviction,1e25c0e7-ff9b-55c2-bbc3-d1686b60e527,False,87c22801-d5a6-4e9e-8f18-bceadf8b1040,Sparsity,,search,FcTTjHafvSrXu11BLGBRsLoKGbVnLgkZxz3hACpwN4A8,0xa3574fe7d01b9053387f940664751b66e27b833b,True,,17369,32,1116,958,8109043,112995.08987655092,https://x.com/ArtofConviction,False,2026-04-21T22:04:28.009Z,145,playing the infinite game,https://prod-fomo-profile-pics.s3.amazonaws.com/1ef160ff6b635fdcdf590730ae1bc0cc_small.jpg?k=257v_Gfhh33ieO6HK20yWmDpA,22
Salem1299534,Salem,00903129-2c44-5803-9b25-cb0bfdfd6878,False,,,,,2yXwy5Dsa1XtEXcsrkFVRJeyuWD3qKkMN3pP3p5VTW3V,0xb8f305f27ccc406373de0082cc06cb1d065504ea,True,,224268,147,2080,712,3804471,-740585.1167800911,,False,2026-03-18T08:14:07.169Z,180,https://x.com/Salem1299534,https://prod-fomo-profile-pics.s3.amazonaws.com/3d08ecc37973844cc48b046b4efdb655_small.jpg?k=257v_Gfhh33ieO6HK20yWmDpA,65
DumbCrayonEater,DumbCrayonEater,6e51b3ef-54bc-5062-894b-3f06986ac242,False,,,,,5FGoPPj1nL8LCnfVnpTmreqQtqLuMXXAwuS1uahMrp8V,,True,,544018,40,3341,990,1100540,-1032869.104469141,,False,2025-11-10T00:15:45.484Z,308,"stop chasing, start holding. NO X, TIKTOK OR ANY OTHER SOCIALS.  WILL NEVER DO LIVES OR CALLS.  Beware of impersonators.",,10
Samisa_btc,samisa,5a59dea5-d0fc-57ec-a617-6413105fe466,False,9769b8df-1a28-46d7-80e4-dc64f6377831,HFT,,leaderboard,FS6zZg5zHTfwhwdqWBx7tmhZFmVnU8fAu9TYBFYoMGBg,0xd73d6b8b9e875569c0f03c572a3806e619bcbec2,True,,29763,53,1897,2206,663916,155244.8468202604,https://x.com/Samisa_btc,False,2025-10-02T23:30:40.730Z,346,run it,https://prod-fomo-profile-pics.s3.amazonaws.com/92f2fa8f235d8eff97b4098cd34ad8c9_small.jpg?k=257v_Gfhh33ieO6HK20yWmDpA,
boosted,mk4,16da164b-8d3f-5330-a90e-670850a21a2f,False,87c22801-d5a6-4e9e-8f18-bceadf8b1040,Sparsity,,leaderboard,6inFvQguQYykRUbQfscWp5bm5fBmcAmqsJtjXisv4wqg,0xe53a38e714af50e908e336f6eb6f0d0df720cb6c,True,,34940,24,1746,745,3301021,167314.3240333278,https://x.com/mk4_lul,False,2025-10-25T17:11:29.581Z,323,sprarsity's resident plumber. @mk4_lul,https://prod-fomo-profile-pics.s3.amazonaws.com/31dbfd3899de1038d0803b2f69ce90b1_small.jpg?k=257v_Gfhh33ieO6HK20yWmDpA,
Binkieee,Binkieee,bea10b9a-6cc5-51f2-9504-b7cb2d7e7a94,False,,,,,6zMVSeukMUMKu5tDsECh4QMqrCRZqTbTvuawztFfwNti,,True,,158761,85,1951,5237,14058944,-161938.81680058295,,False,2026-01-20T01:36:54.658Z,237,TROUPE KZ,,
remusofmars,remus 🐂🀄️,97a2d1ab-5183-5915-b26f-f37996d7a73f,False,,,,,BCrTEXmWutwPz8qv6w1S5gDbaLnSLpXKM5kSGVWyyfxu,0x8ab8c0843d9738885d6273dfe3de86c56eea364c,True,,144915,1068,3124,6697,6963252,-23770.602592238516,https://x.com/remusofmars,False,2025-07-20T17:03:20.345Z,420,"i have a pHp in attention economics do not straight copy, its better to track wallets as a filter for what coins to dd, dont use it to replace dd",https://prod-fomo-profile-pics.s3.amazonaws.com/267d7ed930a0f7892c1e98138e847840_small.jpg?k=257v_Gfhh33ieO6HK20yWmDpA,
theveeman,Vee,fc3ea5c0-afc4-553c-a295-f838907dc581,False,75cefc60-e6f6-4189-8073-18e7cb37db5d,Dabal,,leaderboard,F5hkYsi8JxjyA2JHN5CA7MbnnhWubkXB2ZQB7Gkaxqs6,0xa0670863bd5cd0d60022bab2eed78e81e1a06bce,True,,214912,70,3050,1770,3676390,-1077684.750013845,,False,2025-12-08T17:22:08.034Z,279,,https://prod-fomo-profile-pics.s3.amazonaws.com/39fa40b0c3c54a9e8ac58ee3ce2ce12d_small.jpg?k=257v_Gfhh33ieO6HK20yWmDpA,
AvgJoesCrypto,AJC,35a98e8f-d962-5256-9b39-89624b524e57,False,,,,,H2QSGECp13sFLJgdTsDtayX3dk18Dm6sQMSQKcew7Xzk,0x06de9c48b1e639ed5c13ec8fbd4080a38e39f2d1,True,,137085,160,1940,2145,2424811,-157005.1694776686,,False,2025-10-06T03:35:36.994Z,343,Follow me on X: @AvgJoesCrypto,https://prod-fomo-profile-pics.s3.amazonaws.com/be589800533de1c866a58c639a35e9db_small.jpg?k=257v_Gfhh33ieO6HK20yWmDpA,9
Aurelius0121,Aurelius,d676a05f-0b3e-57d1-86dc-d6986927c6c8,False,75cefc60-e6f6-4189-8073-18e7cb37db5d,Dabal,,leaderboard,9BMzTpSo4URse1oN666pmexhdjpU1vA5p7LtroCFQdLU,0x0c175c6a0065ee05f871a68783d2de432a1e6cbe,True,,299357,0,3885,5954,13768786,320728.9538680145,,False,2026-05-18T22:33:11.909Z,118,Building generational wealth. Sharing early every high-conviction play on X. Long-term > dopamine Real Value on X: @Aurelius0121,https://prod-fomo-profile-pics.s3.amazonaws.com/5d796731548758dc87c26f3d4c5551ef_small.jpg?k=257v_Gfhh33ieO6HK20yWmDpA,
wrld_sol,wrld,27e9831d-a746-5566-9e33-a8eaf702872f,False,,,,,6bQSN4d6anoTwnE6XDPGLA9RV8cqZPeNJro4iQUsWmso,0xeea1a89465e31fbd95ab99b2f81ab3b974cb674e,True,,92525,112,1252,842,1259775,-48642.41777152661,,False,2025-10-21T21:02:08.056Z,327,what if,https://prod-fomo-profile-pics.s3.amazonaws.com/5f1f713d0741bd83a76711e56a803dae_small.jpg?k=257v_Gfhh33ieO6HK20yWmDpA,
unipcs,Unipcs,36adb85a-c0fd-5fa8-916d-8fdc32fe4237,False,715a68a6-657e-4424-8c65-68ad3af899b1,Fantom Troupe,,leaderboard,2heJbC32Tpfcb3nbUb5ER61K11FGZVfVGtVnDm6LDogF,0x0a6ebed0155edb4b21d92ad02897a626cd90119e,True,,650110,40,4739,697,4110104,-1317697.6921457034,https://x.com/theunipcs,False,2026-05-18T12:45:58.832Z,119,"""If the Lord will, we shall live, and do this, or that."" - James 4:15",https://prod-fomo-profile-pics.s3.amazonaws.com/685a72bf4e0ab7095593e7618caa5c8e_small.jpg?k=257v_Gfhh33ieO6HK20yWmDpA,
Fitz,fitz,a46e6fe4-1928-5171-83e2-8b3454847e73,False,,,,,,,,resolving,2190,38,530,1572,3263911,-2278.323980725283,,False,2025-07-17T04:45:04.181Z,424,onwards.,https://prod-fomo-profile-pics.s3.amazonaws.com/17bbb7a5d50970c99d87fd21b65d0eeb_small.jpg?k=257ySWwQg-_vmoHGAORb1Tkyw,
ResellCalendar,RC,ff03cead-db17-5f20-b8aa-b2cae7e15d6a,False,,,,,DxM1hfY8FQ8dNGrucuJzhJcF8KRbjk8WBwrgKvQ9spPv,0xf7c0d9aee226b632a25b1c096d8c285ed20d55b1,True,,92028,273,4054,8148,11461227,81668.40800047398,,False,2025-09-10T09:03:20.132Z,369,t.me/robthinks,https://prod-fomo-profile-pics.s3.amazonaws.com/867ed6dec9d1ee779bf7d3438f7801ac_small?k=257ySWwQg-_vmoHGAORb1Tkyw,50
jotagezin,jg,7eb1f336-15ab-5b3e-b4ad-e826d226c9c6,False,87c22801-d5a6-4e9e-8f18-bceadf8b1040,Sparsity,,leaderboard,4hwPamSooBr5JhxHdcEC21HoxN5HUwYR2hGucLPyZAi8,,True,,122745,320,3121,3101,11200030,-219506.55726356688,,False,2025-09-13T18:50:31.136Z,365,everything will be ok in the end if its not ok then its not the end,https://prod-fomo-profile-pics.s3.amazonaws.com/61cc9c046cd8008d72f9c1e6ceccfe77_small.jpg?k=257ySWwQg-_vmoHGAORb1Tkyw,
ETH_Exy,Exy,8c0029cd-7838-5a54-93da-5e7245ba071a,False,bf125c8f-8f99-4b8e-8fa9-675d179ceb99,CookHouse,,leaderboard,EyQP3HjjRmrTDu59xoXzoLodNgKvNfyNuTPdk62V8gqG,,True,,9073,52,412,1003,1169601,15776.547447910321,,False,2026-07-03T12:22:27.636Z,73,Sometimes you need to sacrifice your queen to protect the king.,https://prod-fomo-profile-pics.s3.amazonaws.com/253228af1524ad7bb9a5ea1e2c3c1509_small.jpg?k=257ySWwQg-_vmoHGAORb1Tkyw,
smol_intern,ₛₘₒₗ intern 💡,dcf40072-45ba-5ae3-af7f-7250dd77e215,False,87c22801-d5a6-4e9e-8f18-bceadf8b1040,Sparsity,,leaderboard,mDR91ufq4S2uSHa9E2PYL7xg4LwcQXaQFP7YK864a1z,0x194db29f5bebacf3201abc9dbdda452116a3ff23,True,,63970,322,3710,12141,14676326,119223.16227987129,,False,2025-10-25T15:31:16.239Z,324,Only gambling here. I yap on X (Twitter) too. Come follow me if you like. 🟢🟢🟢 pls don’t blindly copytrade,https://prod-fomo-profile-pics.s3.amazonaws.com/46cc8fe269ee5cdaf71f111b9f35e82c_small.jpg?k=257ySWwQg-_vmoHGAORb1Tkyw,
traderpow,pow🧲,9de17223-413e-5911-b8e2-d6679db18998,False,,,,,7eNRALuXYUJkUWTvRj5tcB7tcT43kmT5SNdkfy9fKTto,0xbe38d196d1378f8388c94c3ed73c3c11632eea7e,True,,61086,94,1590,3787,14419910,-7474.173636487452,,False,2026-01-13T05:41:04.639Z,244,"Many times I lose, few times I win but I make them count (don't tail)",https://prod-fomo-profile-pics.s3.amazonaws.com/c8bcd984ef3afc4fb2331d2e78785141_small.jpg?k=257ySWwQg-_vmoHGAORb1Tkyw,
change,change,2e955ffc-6fac-578a-93d8-3324605f6bed,False,659b4a4b-5063-4815-b5bc-239109e68dd7,Ender,,leaderboard,J9WiAZKf8JnCkHFL8fLCCXdEgdoLjLRqU2EGsDjdqYga,,True,,340085,96,3835,7110,32620422,86362.64168834826,,False,2026-01-22T09:58:12.218Z,235,Take a chance and you might lose; take not a chance and you have lost already.,https://prod-fomo-profile-pics.s3.amazonaws.com/28e6f5ac73f7361f02980d1b36f723d3_small.jpg?k=257ySWwQg-_vmoHGAORb1Tkyw,
chadbchilln,chadbchilln,185db229-00b8-5b37-9cf5-69188eea31f2,False,,,,,GfrGvk3AdiGaoqG4c3efy4mzwU7uA2g1NiGQFWum5wo,0x60e31d376293a9e026797d4f7822cdae87903cb7,True,,3672,126,1697,2010,321055,0,,False,2026-01-28T00:52:13.231Z,229,“One Last Cycle” •$25k to 0 challenge✅ •$1k to $100k challenge - active,https://prod-fomo-profile-pics.s3.amazonaws.com/ba8c873e622e668c785628276628405c_small.jpg?k=257ySWwQg-_vmoHGAORb1Tkyw,
spyzer,spyzer,bf6274ce-b67b-5757-8769-3d7ffc69e723,False,,,,,GhcqGABFUmgkmU7mc5DDCcFv2kKTjiyiZkBSsZHL7BtW,0x337110faf261cd3e57e6dcaeaef78c1e756c9dd8,True,,12068,66,544,1792,1808646,0,https://x.com/spyzer,False,2025-10-21T18:21:35.684Z,327,Stay delusional TROUPE KZ,https://prod-fomo-profile-pics.s3.amazonaws.com/4ba357e3ec88f45cf3d1ba72f1bd43c5_small.jpg?k=257ySWwQg-_vmoHGAORb1Tkyw,
