handle,displayName,userId,verified,clanId,clanName,clanRole,followers,following,trades,swapCount,volumeUsd,pnl24h,twitter,private,createdAt,accountAgeDays,bio,avatar
WeAreAllJewish,𝕽𝖊d Head Rubio,86e40c7b-fdfe-53d5-8c22-e2bf6d1b45a9,False,,,,868,4426,1086,9189,1430686,-7667.247137617487,,False,2026-06-29T23:14:45.590Z,76,WE ARE ENTERING THE MOST ABUNDANT BALANCED WEALTHY AND SUCCESSFUL PERIOD OF OUR LIVES,https://prod-fomo-profile-pics.s3.amazonaws.com/792d02386384021b090d860fa4ad40df_small.jpg?k=257sqy9nMxeykQmicYT4mYngQ
AlphaRSP,AlphaRSP,86dc8244-46ae-5069-998b-a24361a1fbc7,False,,,,39,353,438,881,7940,-0.04083960340039994,,False,2026-05-18T22:08:02.842Z,118,Chasing alpha. Building every day.,https://prod-fomo-profile-pics.s3.amazonaws.com/4b5b454dedf0314a061476589eed87fa_small.jpg?k=257sqy9nMxeykQmicYT4mYngQ
_WhyWeb3,ZoeyLoo,22b945ec-9e91-5768-ba42-5ef01c59b7c7,False,,,,2,15,162,164,6078,-224.53454615122408,,False,2025-06-26T00:05:08.246Z,445,,https://prod-fomo-profile-pics.s3.amazonaws.com/04e78c2ba5976852e29828992d54e1c3_small.jpg?k=257sqy9nMxeykQmicYT4mYngQ
andrewonfm,andrewonfm,146ec2fb-5956-53e7-b488-b8cdbb9fd2e0,False,,,,4,23,17,37,1595,-13.72281798578183,,False,2026-08-24T07:29:21.877Z,21,,
mango99,mango99,c2e3ffcd-ff3c-5d28-bdaf-41e705b69a34,False,,,,1,96,53,90,771,-12.439041348001332,,False,2026-09-01T23:14:09.968Z,12,,
asii,asii,f5b20062-0f8e-59d0-836e-112c083a99ab,False,,,,130,2241,3,3,503,0,,False,2026-07-22T22:21:52.480Z,53,,https://prod-fomo-profile-pics.s3.amazonaws.com/28ddae5362c61109aa7d61104a5e6eda_small.jpg?k=257sqy9nMxeykQmicYT4mYngQ
bananabreadbaby,bananabread,4f37044f-378f-5136-8b20-576968a94e29,False,,,,400,4121,1,1,199,-3.596303020178553,,False,2026-08-23T01:33:01.341Z,22,,https://prod-fomo-profile-pics.s3.amazonaws.com/e00d8da9c81d246d28592d0f2ded0fca_small.jpg?k=257sqy9nMxeykQmicYT4mYngQ
LFG1,LFG1,121f26ee-3d28-520b-9d00-4690fe7ffe2b,False,,,,5,17,3,2,76,-0.10962062895224278,,False,2026-07-14T09:58:52.664Z,62,,
DryVagueCod,DryVagueCod,d919ae07-fb89-5404-a8e9-63df36890a3c,False,,,,0,17,0,0,0,,,False,2026-08-17T18:56:41.911Z,27,,
kane09,kane09,927944df-62a8-5a95-86cb-d0c2e04aa220,False,,,,0,4,0,0,0,,,False,2026-08-30T01:04:24.819Z,15,,
OliverNguyen,Khanhtayphai,e97cf755-ec0e-5043-9962-ef9fa7030279,False,,,,2,2,0,0,0,,,False,2026-08-25T04:42:04.243Z,20,,
elmoffo,elmoffo,727f65bf-6405-54ac-9313-bce81f74c068,False,,,,793,7788,0,0,0,,,False,2026-07-29T11:17:19.103Z,47,10K —> 100K ⏳,https://prod-fomo-profile-pics.s3.amazonaws.com/baddec5aa13c455c5e4b3da6918ca4fd_small.jpg?k=257sqy9nMxeykQmicYT4mYngQ
GrandBlueSkink,GrandBlueSkink,e12b7aa8-51fa-52a4-89d4-d677b2349f49,False,,,,0,4,0,0,0,,,False,2026-05-12T07:10:27.917Z,125,,
LongRichPony,LongRichPony,c787d3f2-184a-512c-a99b-11ccde3b6cba,False,,,,0,1,0,0,0,,,False,2026-07-18T03:08:42.045Z,58,,
