rank,handle,displayName,clanId,clanName,clanRole,pnlUsd,volumeUsd,trades,followers,following,holdings,walletSolana,walletEvm,walletVerified,twitter,verified,createdAt,accountAgeDays,description,topTokensCount,topTokensAddresses,topTokensValueUsd
1,PoorGoat_,PoorGoat💛🐈,1eec89a1-5679-48a1-9ce6-338bd76328eb,Conviction Capital,,423362,1517625,3498,515115,33,121,HDixbrzwwLXczhDBk1JVrurPQsuLE8FUKnW2pucSXN3o,0x9ce0cb4a193acbce0dca3283972341aed6f3f614,True,,False,2025-11-11T13:50:41.428Z,,Road to 8 Figs 💛🐈 Find me on X @poorgoat_ I WILL NEVER ENDORSE A POORGOAT COIN Never blindly follow anyone’s trades - including mine. TRILLION. DOLLAR. CATE.,3,Ai66LHZG9MCzg1WKdawwqduVAXpNDUuV8M3uyq5ppump;9cRCn9rGT8V2imeM2BaKs13yhMEais3ruM3rPvTGpump;0x6ff45323817d1d53bbb8a8dfba9245ae74057777,1998243.7142949307;549880.6061188276;137589.58908661467
2,DopamineFeenFr1,DopamineFeenFr1,1eec89a1-5679-48a1-9ce6-338bd76328eb,Conviction Capital,,223225,8356812,3486,69019,298,41,,,,,False,2026-01-22T23:00:46.087Z,,"Web3 | I find narratives early, back the coins I believe in & share the conviction | 🧠 Educate • Motivate • Onboard | Building with the next wave of CT",3,Ai66LHZG9MCzg1WKdawwqduVAXpNDUuV8M3uyq5ppump;0xeeb3d73d4dd44e6e4d957d89492f05d5ccee7777;0xcebc0cfbc5dd0893a9e3b9d0f75b211ddf5934a0,545885.6778490362;7153.499640094046;5068.6633811414285
3,boosteryting,Jack,1eec89a1-5679-48a1-9ce6-338bd76328eb,Conviction Capital,,207147,1665325,3286,61175,16,20,EVqxB3F6iUBeWsTpBFQqWwxpqUS8s4NrzgxBvQ2VRbTq,,True,,False,2026-02-27T14:47:41.600Z,,We all hold fapcoin in the end,3,Ai66LHZG9MCzg1WKdawwqduVAXpNDUuV8M3uyq5ppump;0xf40592daacb3e5abf358789f5688c0b4f64d7777;8vGr1eX9vfpootWiUPYa5kYoGx9bTuRy2Xc4dNMrpump,754583.3832781517;89434.87258474043;105513.35878452337
4,Bull_Path,Bull.Path 🫵😹,1eec89a1-5679-48a1-9ce6-338bd76328eb,Conviction Capital,,176278,2200575,1858,24146,44,34,F11mt2PsYTR7RF7hzfvFyeFbWREiCS3soa5pGbPX88Lb,,True,,False,2026-02-25T23:28:44.709Z,,lets see if im good at buying and selling stuff,3,Ai66LHZG9MCzg1WKdawwqduVAXpNDUuV8M3uyq5ppump;0x6ff45323817d1d53bbb8a8dfba9245ae74057777;CTPoyCwkjMvoJwU4xvZZqoD8tiYk6yDchySiN5gGpump,623011.2443241325;46039.4822318027;30126.987124534804
5,v22nik,v22nik,,,,154272,919103,165,1406,35,42,8GMuQQUWTfP8fuHoeS9W3Eme61io5my2KhexGwQT6xbF,0x9509c5bb4943ad27a5f8144ae64eb6680cc82623,True,,False,2026-07-19T14:32:14.719Z,,,3,Ai66LHZG9MCzg1WKdawwqduVAXpNDUuV8M3uyq5ppump;0x9936403a9cc72cf306063e3496ea387428a3aecd;0xb20000000000000000000000c6f9024862c6fb01,497421.3421935888;477.724655877944;1266.3259203707482
6,dylansdegens,Dylan.Eth,75cefc60-e6f6-4189-8073-18e7cb37db5d,Dabal,,150009,1365555,1602,19187,98,9,3Yfh7KG8PHxZmjp2wx7c74sxTCfmgp5fnWdvbUKj2ggx,,True,,False,2025-11-04T03:20:03.321Z,,"do not copy me, I’m mentally challenged",3,Ai66LHZG9MCzg1WKdawwqduVAXpNDUuV8M3uyq5ppump;0x812486eaea648819853f8e372dc9f1516c7868bd;0x62c71cd34a52c30d894419cbcc55db2afa8032ea,595112.8252999998;66997.11582914887;9225.138572768423
7,BarBarrBinks,BarBarr,ac478b54-d111-4674-a283-9cb739a9ce5c,TitusTradz,,146603,456445,667,2614,28,10,Fq6EF3JFARLTTSywz7L2KKw7BUBcrP96c4DLpmLEYLL9,,True,,False,2026-07-20T07:25:28.362Z,,I took a pill in Ibiza. @BarBarrBinks on all other socials,3,Ai66LHZG9MCzg1WKdawwqduVAXpNDUuV8M3uyq5ppump;0xd7321801caae694090694ff55a9323139f043b88;9oXA1VWKNiYDYa6VKHBFFBBvZdvuhw1b2eD5Aka7YrVt,495956.11400710745;5071.703107839698;2296.9054563434343
8,sadcrissy,Crissy,1eec89a1-5679-48a1-9ce6-338bd76328eb,Conviction Capital,,135179,6206321,2275,44151,92,17,7FJDJ1HaQfL3GAcMCzoBrJ9Accnf5GUYYwfEPCBCDcVK,0xfec1002223824973bcd7907d133b4c027beb40c0,True,,False,2026-06-03T00:18:38.938Z,,conviction wins,3,Ai66LHZG9MCzg1WKdawwqduVAXpNDUuV8M3uyq5ppump;0x6ff45323817d1d53bbb8a8dfba9245ae74057777;CB1YQfUzgsnaCd93cZLdiX1uASW7utWBaYMUsvcwNUBV,468735.1841066897;103577.31639218995;51417.688339285545
9,chefjin,Jin 🧧,76766ab1-9bb1-40f5-91f8-908b8b3fef68,Autist Army,,133002,1633551,343,1786,36,12,Hoz5rQ17msnkpuQuAi6acp9MzfVv4rMNhEpuJEg7QiQa,0x6aa3db86183c93c71bd8639985998e3f9f61ae4c,True,,False,2026-08-08T13:09:21.883Z,,extra hoisin,3,0xf49725118cb0707b8706ffffe895f3ab16da7777;0xdd3b11ef34cd511a2da159034a05fcb94d806686;0x5ce033b2bfca3af30b3e8c8457deaf776a8b695a,255060.9845990993;7994.904010021483;8550.665121184602
10,Aurelius0121,Aurelius,75cefc60-e6f6-4189-8073-18e7cb37db5d,Dabal,,132590,13768786,3884,299325,0,116,9BMzTpSo4URse1oN666pmexhdjpU1vA5p7LtroCFQdLU,0x0c175c6a0065ee05f871a68783d2de432a1e6cbe,True,,False,2026-05-18T22:33:11.909Z,,Building generational wealth. Sharing early every high-conviction play on X. Long-term > dopamine Real Value on X: @Aurelius0121,3,Ai66LHZG9MCzg1WKdawwqduVAXpNDUuV8M3uyq5ppump;0xfa89ed9d12bf74add8253ddfaa426c4d8a0fa603;0xede00776439f9c49c592e43eee34777a51847777,1020408.7482101629;2194.83666653956;11639.105425491696
11,cheekssss,cheekssss,,,,130568,213781,653,2518,35,3,9y4poQCnxVTv5wGiKukK5QpqMGdyAVtgVYNAhnDoKaqL,0x626c43d069beb8524017d0e23ecec3fa42431612,True,,False,2026-08-04T02:53:18.362Z,,not gay,3,Ai66LHZG9MCzg1WKdawwqduVAXpNDUuV8M3uyq5ppump;So11111111111111111111111111111111111111112;0xc48ad687af64a37b7fe85a4953a0a4da203684ed,419229.5464842274;40.556337841078566;2.497227399800823
12,bombocapital,Bombo,73ebc253-f736-4ee3-98e7-6f7547fa901e,Versus,,130380,478263,98,4908,0,7,BA5P3gNKSaiv2i2618F5FLd9KL8F6jhkXoNixQSAT4xR,0xa420989aa8c765046642a95d424aefe981a46aa0,True,,False,2026-01-16T10:27:17.162Z,,in bombo we trust,3,Ai66LHZG9MCzg1WKdawwqduVAXpNDUuV8M3uyq5ppump;E4Ap4icMLwKot8rkkTbq5JkS5kZxt5XCE3yfxbzYBjHx;0xfd82d8db539b6ace0d50815845133767e24f1e18,432165.4601621229;10958.891076994416;5282.907152819294
13,Astro01,Astro01,,,,119441,1005946,284,1428,58,24,EEU3kw4D5WLJsUVWCDyVc9dreYRTBoyWtwjUFL8A1Csi,0x3d6a1657562a211eba5bef181f3434fedaa46c11,True,,False,2026-07-09T03:15:45.217Z,,,3,0xf49725118cb0707b8706ffffe895f3ab16da7777;0x7fe995a80075df3dc8ae11a9b82c7fe4202cd87f;0xb22550636ea56f6b6e3c5d13d7fe714638b22087,237271.60012590393;3175.558610936185;89.17833949632205
14,bluntz_capital,bluntz,,,,112581,16084236,1112,42163,29,21,4ZZW5ePCAsHJdnHHUdgozdvLqYNVnkE9CgrW3iyZdskb,,True,,False,2026-08-23T21:43:04.648Z,,,3,Ai66LHZG9MCzg1WKdawwqduVAXpNDUuV8M3uyq5ppump;0x26becab467bf74a3e09c095c30427acbd6544608;0xe9bc5c6a86caa44fd7b469bf3cc7c563e4f77777,1272428.029690153;21140.92522661084;85565.05496692509
15,JustMereGuppy,JustMereGuppy,,,,103472,1720300,94,406,4,9,G14QNHRavkzvvbPtcwdQmZgc2DigGEXmDPC61MnkcehN,0xc957dd9b1716ba83417593b79907aa16c2f3633b,True,,False,2026-08-23T23:21:22.545Z,,,3,Ai66LHZG9MCzg1WKdawwqduVAXpNDUuV8M3uyq5ppump;0xd0601ce157db5bdc3162bbac2a2c8af5320d9eec;A7bdiYdS5GjqGFtxf17ppRHtDKPkkRqbKtR27dxvQXaS,331358.89782774943;156.5042045640122;62.104735404307895
16,wizardofsoho,"Wizard Of SoHo (🍷,🍷)",76766ab1-9bb1-40f5-91f8-908b8b3fef68,Autist Army,,100326,5240256,563,16583,0,47,HLLmfX1M39GuG5dZf4QEPknFZKtV1cWEwXR55PoyHPir,0x20ac05aafc1b5786d7db843ea98680708f190dce,True,,False,2026-08-05T11:44:37.389Z,,mentally disabled 62 year old retired Aladdin impersonator  // Join Weekly Wizdom !,3,0xf49725118cb0707b8706ffffe895f3ab16da7777;0x7fe995a80075df3dc8ae11a9b82c7fe4202cd87f;0x113d68c8cca4fe5ba25f49c00784079d168e7777,206098.07480007186;52936.80356946873;41894.694701248176
17,LegitLoller,LegitLoller,,,,100005,639616,196,650,73,14,74TySWjpPikJva1pGVPXHhqfYCN6rKHn8iC2AepLFcE5,0x9a3985ebdb916a6e60ac1b0e6a1ecf673777d38b,True,,False,2026-08-08T01:15:58.777Z,,🫥 Holding avg actually 2months (NO X NO TG),3,0xf49725118cb0707b8706ffffe895f3ab16da7777;0x3786728a2c49c4617bf4fe5bd82b90b6b0df5508;0x9b8e987e6fec8cf1380c4dca7071e2c7853aeea1,198222.69726226586;14992.266102438254;550.6293751059023
18,EAZY_,EAZY_E,,,,87671,307512,81,439,30,1,2Zyd2M65hKkua8u6rS5dbMFLQUiM4LAd2WnzSQ18ZR2k,0xdc36049b35dfa33c556405e3a072c1c43f3638ef,True,,False,2026-08-21T07:34:31.867Z,,"No risk, no money.",1,Ai66LHZG9MCzg1WKdawwqduVAXpNDUuV8M3uyq5ppump,281638.44822241826
19,Bayc364,KOKO🫡,,,,77611,1172635,1027,6962,60,33,k7vL5ZFYYrYH7uS5Am6GeFRCoKrmzDNFjyD7xwfTdMJ,,True,,False,2026-06-25T01:18:52.427Z,,I love trading onchain I think I’ll stay here for a while. I trade all types of coins and I loose  on them too so be careful,3,Ai66LHZG9MCzg1WKdawwqduVAXpNDUuV8M3uyq5ppump;0x385f4f8ae47651ce5f58f5265395a669f8281e18;0xef67e3064bef1a27e81925ec7132f23e533bd5f6,232436.19806746117;25482.926951726815;9326.900525686573
20,SpSuAuWi,Autumn,,,,71736,2386669,123,831,38,20,AUqvnhqn2TzNAUeArFQNmecMFiUNotBaSajKcUPVpjVr,0xd19145fc73378e2fb24c15ab1046e0e3e8634ce0,True,,False,2026-08-27T18:16:37.675Z,,,3,0x385f4f8ae47651ce5f58f5265395a669f8281e18;0x4c24e2bd3ad36af26b805bfbe629ea614323e0a0;0xf5f5f51c4ab83c303c4fad5b6a0838e106ef1e18,434837.1689463438;2193.943063691384;434.95734117183457
21,sirchichi,sirchichi,,,,70454,560434,193,171,0,7,GX1ziUipj7cLsJZY1HuYCwgJUXZSBxLyYPkKN8JmE57i,0x684e64fb1bb86e7ec5ae41555d87a5439c7cc5d9,True,,False,2026-08-23T14:11:32.086Z,,,3,0xf49725118cb0707b8706ffffe895f3ab16da7777;7hGgx1VtNTj193fFXXuMEkp1MRV6JbWYgMBhHRYxaxu2;0x113d68c8cca4fe5ba25f49c00784079d168e7777,141557.54711765508;2082.4285609047156;5128.412152204637
22,beniiiiitez,beniiiiitez,,,,69219,80429,38,186,20,14,,,,,False,2026-08-07T14:51:37.662Z,,gang gang type shiiii,3,0xf49725118cb0707b8706ffffe895f3ab16da7777;0xba527c23903eff094a987197ccd643f2da76e4ff;0x9a80345d3b2679794373a9d29238714801a11e18,148584.6139665472;2674.5849423798904;326.1258820054142
23,starcatcher444,Star Catcher 💫,,,,66654,358590,538,454,54,16,6xmMW5JPSEfeRuNdkxixHWsm4Sf57SdXybA3BdwZzrM1,0x4bc1782fafb967834e0e75947ba15113e48fc70e,True,,False,2026-08-03T01:41:45.745Z,,Divine Guidance,3,4MMQY9bwkxxTtsK3W227Q5ABT6yFY8Pmn9Ze7wmAXKY8;0x113d68c8cca4fe5ba25f49c00784079d168e7777;0x862cdccb67c8a22fdb247d09a08b1dad09447777,80045.96980250673;25832.51207793094;7122.983001888091
24,SorryCivicSlug,SorryCivicSlug,,,,62708,1804565,266,1056,37,23,AEWUYPTkrDjWKRgJsH99D7CuUTwBoa7Ff3UqgRN9QxtN,0x46bbaf0bee078fa14e81406830dc1573a153206f,True,,False,2026-08-08T19:57:48.509Z,,,3,HoK7vodcoVYQepStM1dDVyX5iMp2q5narY9bammuGPpe;7vSG4GX8qz5V36noSde5Z9xV8xAXAGqivDyaNytPVDJf;Hy1LfQLL4zLQihmiQKZm7DQzXm5K8aVSfKtdHFYXbKMm,27130.40886491052;28381.073300181044;21930.38554270971
25,achitaka,achitaka,,,,59584,1376260,202,8494,0,10,CnRCZKkk6EWp1JVtDCBaefFrswBDafvQp5uNhXQDecEM,0x4c3370a01146993bdff750f1609531ada6bc19c9,True,,False,2026-08-07T13:59:39.394Z,,Started with $80k,3,0x385f4f8ae47651ce5f58f5265395a669f8281e18;0xb9972ca7188e511174947e3936a5315ac7073277;0xbbf2c91fdcc488ba736e0c38adc82c9a92597deb,368042.3127034021;96736.84114115158;2158.7124612205653
26,iamchinese,要钱不要吸毒,,,,59465,31840,16,1119,1,3,96miAtKQeKGRUo18vua1ug5NCYc6qwapMWHkbRaPZTJ8,0x8ab964f89946ec10014fd0af35d951d8a931ecf9,True,,False,2026-09-05T03:53:53.789Z,,all it takes is one memecoin to reach the top.,3,0x385f4f8ae47651ce5f58f5265395a669f8281e18;BdP1WRm13fnjepywesbGhMAEpP3Age3RPjYkb93gpump;0x0bd7d308f8e1639fab988df18a8011f41eacad73,336100.79590172536;2.031787533795;12.376487049527361
27,Erika0616,Erika0616,,,,55771,140456,803,1613,126,56,ArMvrPPYcPBbK9mcrgmcXnm8KBB7tSWiteh2NKiMQfwa,,True,,False,2026-05-17T16:48:21.820Z,,"Big dreamer, believer and blessed. 💛",3,Ai66LHZG9MCzg1WKdawwqduVAXpNDUuV8M3uyq5ppump;9cRCn9rGT8V2imeM2BaKs13yhMEais3ruM3rPvTGpump;0x30db03a051205ccbeb1b6524ddf87fbc6c0127bc,178403.1479480749;53.45251866209112;7.6371834160624
28,fish3rman,fisherman,,,,54442,513487,159,196,226,4,AqvJWXH3c4ftQPW2yuckCte1P9Nfbtjmud4WZVXKqu2C,0x2496df5075202c686dc136fab2c7d41819da9be4,True,,False,2026-01-24T05:22:18.742Z,,i identify as a wrestler,3,0xb20000000000000000000029440a9564b59129b1;poNSfquKq512ApeYjVghwViSun4x1MhCqHVH2Paq4jN;So11111111111111111111111111111111111111112,5907.883295131689;9.50857482475212;3.470097995224844
29,Altcoinist,Altcoinist,,,,51919,159242,74,9921,33,12,DVFYHVKFYLxws4bV97va6EceVRrKjddHSWYq3is4ad49,0xccdeb7744e778992bfbff798f239638b76448e75,True,,False,2026-04-27T17:31:56.379Z,,TIBBIR is RIBBIT spelled backwards,3,0xa4a2e2ca3fbfe21aed83471d28b6f65a233c6e00;0x1b5ce2a593a840e3ad3549a34d7b3dec697c114d;0x4b3a3ff4ec9d289727e24a8152f406bada44264d,709975.3777057885;150860.1529977983;54658.557760294745
30,AlleyOopOctopus,OctoBaller,,,,51243,36929,6,197,5,2,,,,,False,2026-09-06T17:52:19.168Z,,personal x - @AlleyOopOctopus running biketysonsol on x,2,CbyTNf7UPzvewHh4Zp6umogM2RWahhmGRJWLJnPwpump;So11111111111111111111111111111111111111112,81581.11773635245;9.676942391589053
31,gawon,ㅤㅤㅤㅤㅤㅤㅤㅤㅤㅤ,,,,49657,1321120,955,688,102,4,8PgKC22ZbWJtcpQGAYqTKqmTCNGeRa4KUamnY91oRDnL,0x3c3b9a1ecd3fecfed0a4abe68be9413870061346,True,,False,2025-10-05T14:54:16.010Z,,5k challenge,3,0xd9db30bb0d2b8d2eae3826a1372117e058791e18;0x5f22f87723240963d2f516bcb7c1f099d4c27126;So11111111111111111111111111111111111111112,11415.577385450444;823.4570886130103;61.02487520885334
32,deliveryydriver,Delivery Driver,,,,48494,90164,309,1613,80,11,,,,,False,2026-08-21T15:51:43.067Z,,,3,0x812486eaea648819853f8e372dc9f1516c7868bd;0x5173d45a1191ee33cbb7d8c7e65f21b04ed54802;CNWxmoBSQZo2Sgp5KSAK5m9FwSqDbXQRP4CNMuoe78Gm,154618.1622188368;33998.38399565588;36746.65585921869
33,DikLongMoneyLongWomen10,DikLongMoneyLongWomen10,,,,46403,2661255,175,229,63,7,HxuTy5vmJF5LcHjF357JbvD3aE7eDNLiVFwfPVKTxetJ,0xf9b3bf46aece81d006f74920cb4aeb6c5986d49d,True,,False,2026-08-28T13:40:56.752Z,,I want finer things in life so I hustle,3,0x020bfc650a365f8bb26819deaabf3e21291018b4;Hy1LfQLL4zLQihmiQKZm7DQzXm5K8aVSfKtdHFYXbKMm;CbyTNf7UPzvewHh4Zp6umogM2RWahhmGRJWLJnPwpump,144203.44079229873;19096.82804681751;11529.077952700109
34,safetyf,safety,,,,45319,2027172,109,277,19,5,7uXggAAQfB8Z3jUEDqCVvMkT1EjsxBD1TDgrWsBzV7xv,0x7b9d3720ca5e024fddc7f481bd5850559b3a8bdb,True,,False,2026-08-24T04:16:32.703Z,,"turning money into experience since 2017, fully regarded.",3,Ai66LHZG9MCzg1WKdawwqduVAXpNDUuV8M3uyq5ppump;0x9d0481e5b0f115bf25b115e8abdacf0ad447d832;CXXpHyiwAzuwwxD9aGJCA3L6gjjJ4wMXoGYYjczKpump,145793.76950768667;277.39518714541083;290.43716814609337
35,dv3333,dv3333,,,,41987,624809,26,44,11,3,53xkCKCyC3WpPGmdQe7R2kABEhLKA1N3a4HR99VYd6u5,,True,,False,2026-08-24T05:08:14.013Z,,,3,Ai66LHZG9MCzg1WKdawwqduVAXpNDUuV8M3uyq5ppump;0xd0601ce157db5bdc3162bbac2a2c8af5320d9eec;So11111111111111111111111111111111111111112,148317.0991938785;46.867634264112766;3.123176546841913
36,boosted,mk4,87c22801-d5a6-4e9e-8f18-bceadf8b1040,Sparsity,,41903,3301021,1745,34937,24,21,6inFvQguQYykRUbQfscWp5bm5fBmcAmqsJtjXisv4wqg,0xe53a38e714af50e908e336f6eb6f0d0df720cb6c,True,,False,2025-10-25T17:11:29.581Z,,sprarsity's resident plumber. @mk4_lul,3,CbyTNf7UPzvewHh4Zp6umogM2RWahhmGRJWLJnPwpump;0x43eea882b845a8493152ebc55cf30ae9281b02d5;9cRCn9rGT8V2imeM2BaKs13yhMEais3ruM3rPvTGpump,55839.52692749701;12164.983148030557;142739.85408784088
37,SetoKaiba,Kaiba,,,,41558,814733,221,226,127,0,,,,,False,2026-04-22T04:06:16.728Z,,,0,,
38,stigstigstig_,Still in the Game,,,,41540,15806590,1927,25869,132,8,m4CkbwCZbbmEXB2EJhzQmAVX5LikLsyTozqwxXA9wEk,0x662053fd75f1f7da7e524d884b96552a13d2800b,True,,False,2025-04-14T15:29:44.697Z,,I will run up 8 figs on here,3,0x385f4f8ae47651ce5f58f5265395a669f8281e18;0x1cdb289befdfac8af945a288bcdccc382cb34d32;So11111111111111111111111111111111111111112,342417.92357701255;17672.348551887706;6.777524898789838
39,SaintBogdan,Bogdan,75cefc60-e6f6-4189-8073-18e7cb37db5d,Dabal,,41310,488762,135,5194,15,4,,,,,False,2026-01-24T01:24:26.933Z,,Remembers,3,Ai66LHZG9MCzg1WKdawwqduVAXpNDUuV8M3uyq5ppump;DDVUsN8sDFxbaX6gNBoD44kjZhFETWJnwAn4EX1dpump;So11111111111111111111111111111111111111112,140226.9785835176;2.6979174039407665;183.54864616267534
40,metaversejoji,joji,75cefc60-e6f6-4189-8073-18e7cb37db5d,Dabal,,41128,3964456,1628,26383,73,12,68XiYbqQedUbV1EboBhtZDtTTzX4vwUBzKB6rbUGPvHj,,True,,False,2025-10-27T17:46:20.854Z,,if you can’t hold you won’t be rich,3,0xe8ffd7e24187f72afb08d75b1bb13088a989a791;0xf49725118cb0707b8706ffffe895f3ab16da7777;0x5ab000ff9b9ffe0349ce5ffa5fd86f217c3680f5,161165.96369828668;177632.98280756336;63364.06774128784
41,layon,dei li,,,,41115,176800,346,99,15,8,5esf2L24a5dh1qANEd6bBbPD1TByj4kUcQDwsqJ1w3iD,0x381f5e7cde730a553b4e3da676f3346b09123cbf,True,,False,2026-08-12T13:04:07.591Z,,💎 🙌🏻,3,0xf49725118cb0707b8706ffffe895f3ab16da7777;0x0d257ca40d40090be60c2d2ed5bb3535392838cc;0x7fe995a80075df3dc8ae11a9b82c7fe4202cd87f,77128.90848880883;13043.316144686034;5832.084749186989
42,CHILABS_,FEICHI,,,,40585,200205,256,93,83,10,D1jBEdZe86g4ttv2xS772RGVTvFA9mTfHY9TFUKxa1Ps,,True,,False,2026-08-30T23:36:07.901Z,,China up,3,0xf49725118cb0707b8706ffffe895f3ab16da7777;0xba527c23903eff094a987197ccd643f2da76e4ff;0x44442eeb07c63402046443296f95539a04f97777,85356.812120595;2485.785219463024;201.08552798628432
43,Zlaty_Lev,Zlatý_Lev,,,,40341,42015,23,180,16,2,,,,,False,2026-08-02T20:17:59.203Z,,Road to Freedom!! Freedom is wealth 🪎!! ONBOARDING THE WORLD 🐈🌎,3,Ai66LHZG9MCzg1WKdawwqduVAXpNDUuV8M3uyq5ppump;CB1YQfUzgsnaCd93cZLdiX1uASW7utWBaYMUsvcwNUBV;So11111111111111111111111111111111111111112,116413.59783984;0;55.74965042637866
44,threem,threem,,,,40027,1478031,326,11095,4,64,8yDbuXub7TNy4brK8wHSBMCMjDxU6YsBhECxidE4Vfeb,0x4189ce0c07b3bae425d3a694d38a3eb8e7695b4d,True,,False,2026-08-30T18:27:44.768Z,,Follow me on X @threem8em Long.xyz is my rabbit - $AMC is my long,3,0x385f4f8ae47651ce5f58f5265395a669f8281e18;0x5173d45a1191ee33cbb7d8c7e65f21b04ed54802;0xcacb0e9caccee63ec4d82952e561a291c68bcb68,319182.7642080652;12613.874897585421;1986.118192138044
45,marcoadriano51,Marco Adriano,,,,39927,3063509,717,445,178,7,,,,,False,2026-05-02T22:54:54.626Z,,because funny,3,0x385f4f8ae47651ce5f58f5265395a669f8281e18;CbyTNf7UPzvewHh4Zp6umogM2RWahhmGRJWLJnPwpump;0x60555ab88a0caaf893ab284c1332c9d0a05af222,54559.0193885702;20454.393361471968;4019.5284567362414
46,ThickSlimLark,ThickSlimLark,,,,39886,1260227,103,94,1,6,5QwBPmkrpcSoDovs5UuZTSwANxoAx5Viji8qoQPtNbYx,0xb09a2399d4b72fb2f4b4c90011ecc1a4022d0ee1,True,,False,2026-08-30T10:20:54.508Z,,,3,Ai66LHZG9MCzg1WKdawwqduVAXpNDUuV8M3uyq5ppump;0x812486eaea648819853f8e372dc9f1516c7868bd;0x1b0e319c6a659f002271b69db8a7df2f911c153e,173299.74717123486;10054.950295968316;23.265615178963415
47,FreddyMercury,Freddy,,,,39683,499781,232,2099,8,6,,,,,False,2026-08-11T14:57:08.116Z,,They call me Mister Fahrenheit,3,0xf49725118cb0707b8706ffffe895f3ab16da7777;7UuqhWmoMXQfrwGLTK9Yf4My9ZPH3ZEyWCwNu8LNpump;3kvZYBrBPEySFwQfXZGEvJSeMWRa6BkTS34suBEYpump,48037.73747780761;2.6726036582868877;14.8801775445983
48,WarmTealHyena,WarmTealHyena,,,,39389,164033,10,43,6,3,A5EZA6XTxEPCkagVZbuectGjDNuYf5HSC8BSfW4miWUb,,True,,False,2026-09-08T23:37:27.966Z,,,3,Ai66LHZG9MCzg1WKdawwqduVAXpNDUuV8M3uyq5ppump;BLKaobMdeUZSLNdqZ3QbpLfaVMAaRaTD9EYBSe8FBbsB;HcRLc9VDgjLeK154xDawfb1dmVJ98DoSqcwTHGqiDeJR,136210.06781582662;12.616378576958514;3.5757797209331335
49,ticktockstocks,TickTockStocks,,,,38541,47930,10,117,6,2,FdQrXc3iyYZ36dAhWYoK8VAswdFb8TCYKLtuENCz4hFG,,True,,False,2026-07-12T17:27:40.020Z,,,2,Ai66LHZG9MCzg1WKdawwqduVAXpNDUuV8M3uyq5ppump;6YCYaiuXQubALutWr1eJB8HZ9i72hpTKgAvjR6qzpump,123494.80408002011;2.492498706299308
50,blippy0,blippy,,,,36908,35597,63,583,7,0,BTZP5wjgRLyXrSizz7PVb5n9p2T951gWxHrDpcByTUbx,0xb52707f53032bc93220e8e0872c797fe6f3af0d0,True,,False,2026-08-30T14:25:17.253Z,,,0,,
51,unmade,Unmade,9769b8df-1a28-46d7-80e4-dc64f6377831,HFT,,35192,607523,225,1349,50,8,6MwHc79vgWXeMVyZwgQ13bqqudRNCYkvjmgQzc294g8M,0xa0e7e4a8c839c7ebbce6561a3eb48780ae56c9fa,True,,False,2026-08-12T19:45:37.361Z,,the 1% path @unmade,3,4MMQY9bwkxxTtsK3W227Q5ABT6yFY8Pmn9Ze7wmAXKY8;CNWxmoBSQZo2Sgp5KSAK5m9FwSqDbXQRP4CNMuoe78Gm;0x5ce033b2bfca3af30b3e8c8457deaf776a8b695a,32531.56873939066;24392.192812199588;8909.049328515803
52,0xNightSpark,NightSpark,,,,34280,1552325,150,581,20,5,,0x3d4b8f37db49c3b2d3a62b1dab0f391edc4bbaa9,True,,False,2026-07-23T11:42:46.260Z,,I'm something of a regard myself,3,Ai66LHZG9MCzg1WKdawwqduVAXpNDUuV8M3uyq5ppump;0x9d0481e5b0f115bf25b115e8abdacf0ad447d832;0xd0601ce157db5bdc3162bbac2a2c8af5320d9eec,178911.4250150226;1018.7586207862299;58.152467955078535
53,Tornado986,EerieMidOtter,,,,34270,381698,226,401,26,51,E9sihU1U1oyN6dz3DQxf7z8Q4gxaB87iHCt3Yy5ne77g,0x472db0acd0b2b6dee8a60bda66602f38820a5868,True,,False,2026-07-26T21:58:59.463Z,,천천히 조금씩 복구중,3,0xd270d4e1ec6e6e0d28c0ecb8be966ec75997ffff;0xe27501d787d647cc82a5b4a7eafd5750386f1b77;3o9FX3rc2VbcHugk8MjFxLn3fgHMLiFkDA3QWoUSpump,60.44445649723652;34071.50066989977;0
54,JohnDriftwood,johnnie driftwood,,,,34266,34784,52,34,6,2,,,,,False,2026-08-22T05:02:06.359Z,,,2,0xf49725118cb0707b8706ffffe895f3ab16da7777;0x7130d2a12b9bcbfae4f2634d864a1ee1ce3ead9c,67534.01736846416;246.79065482225917
55,niv3k,niv3k,,,,33825,87091,12,85,17,4,584fCWEnAcYNR8qH1W5GRPwKSEipuNPUkoDUPzh9LsQd,0xfb33c9b551ff1f80260f71f2eefd367624da79d3,True,,False,2026-08-29T09:42:01.713Z,,,3,Ai66LHZG9MCzg1WKdawwqduVAXpNDUuV8M3uyq5ppump;0xc2362aff2a2a4cc1f48cf3dab2c4e2605eb94ba3;0x1b0e319c6a659f002271b69db8a7df2f911c153e,115335.91179593203;1566.8494460077618;4.919135101095115
56,peekrang,peekrang,,,,33797,286403,104,199,20,6,4fP5P1m8ejvPVuPvbwyn7ssdbaBXsdijJSAAfmxVGMsK,,True,,False,2026-07-29T12:39:38.442Z,,perfection,3,Ai66LHZG9MCzg1WKdawwqduVAXpNDUuV8M3uyq5ppump;XSTuo1fV7HHMhs4BYiwtrWSLsMCJNrooH2AssWTYZqP;4kjruqGHDsSqkMdFfCjV7Vb62HPFhtXyWc2t6JpQzDnz,108078.47759403543;2569.1644908527437;4566.387149368115
57,Clark10x,Clark 🆓,1eec89a1-5679-48a1-9ce6-338bd76328eb,Conviction Capital,,33569,2110336,1290,16739,168,47,BSsyo5oh2tuaZBjjWq6V3NHS66BTHfmV1aJd6RDyknLQ,,True,,False,2025-10-25T15:40:56.766Z,,Gambool,3,0xfe189e97832da1573e4e4ff034f4ffc3a15c7777;Ai66LHZG9MCzg1WKdawwqduVAXpNDUuV8M3uyq5ppump;0x6ff45323817d1d53bbb8a8dfba9245ae74057777,31540.550358801498;99802.84790205875;20509.618048374985
58,hespaid,M$J,,,,33008,420722,224,443,34,8,CKoq4fWAWLjki4GuxbQAwWLARAg3QfMbCJgLwiPGBYUX,0xcee8888e32fdc2fab235c13cacab0def76e70c67,True,,False,2026-07-21T18:28:51.055Z,,20k > 500k,3,Ai66LHZG9MCzg1WKdawwqduVAXpNDUuV8M3uyq5ppump;0xf7f2fb6178290eb812e9bd280920f3dc63437777;DDVUsN8sDFxbaX6gNBoD44kjZhFETWJnwAn4EX1dpump,109136.78220952909;594.2977168895085;530.1515939439324
59,shiprekt88,shiprekt88,,,,32500,6364276,379,418,14,5,,,,,False,2026-01-30T20:11:27.292Z,,moron with a wallet,3,Ai66LHZG9MCzg1WKdawwqduVAXpNDUuV8M3uyq5ppump;0x4ea005168d7f09a7a0ba9d1def21a479950e44c2;0xfd0bb211d479710dfa01d3d98751767f51edb2d9,128639.16627680227;50.54626969785618;3.7063164960823145
60,HomonculusLoxodontus,Hommy,,,,32322,475580,48,78,14,7,39szFVCw7YFKNK6LDaCLWLd3q5xNhLy8uS2kfuFK5Ssa,,True,,False,2026-09-05T17:17:13.556Z,,The one who waits.,3,Ai66LHZG9MCzg1WKdawwqduVAXpNDUuV8M3uyq5ppump;0xe1e5f00a9b0255ca4df85b3130ee0f77d15acc2d;0x47accd13264d8f954105256faac8376ce6a55999,51277.70061554938;2071.4554567700907;1214.7066183071827
61,christianbieri,Christian Bieri,,,,31736,128487,728,441,88,2,4hS6yoJinnfjJP1akXXZMPEE6HNAPgqh1oCVA3SbHxF3,0x2832eaf4b758e32df4af08b24b7e7518299fde23,True,,False,2026-06-30T08:15:35.072Z,,Take the risk or lose the chance.,2,Ai66LHZG9MCzg1WKdawwqduVAXpNDUuV8M3uyq5ppump;0x9ca1cc0c90d97b4f36c5e2232d4fbd705a73c65d,101902.11194507581;990.5183945747776
62,DeviousGainz,DeviousGainz,,,,31562,108220,6,79,0,1,Dkn9EBFH9sR9fznZAHVAttr7LWsJniMFbpoTJ9iNVSXh,,True,,False,2026-08-24T21:27:39.462Z,,7 figures incoming😎 find me on X ~@Deviousgainz                #GABOS,1,Ai66LHZG9MCzg1WKdawwqduVAXpNDUuV8M3uyq5ppump,101092.27128047643
63,duffls,duffls,,,,31348,987613,390,172,125,23,6BywLfFijF36YxesuKQ7kmG7gtnJ1Ym2nNwGCZXUvUBZ,0x1f64eeb8498be8658da7ff480d575ec7a545ea69,True,,False,2026-04-19T03:18:51.178Z,,One Rug Away From Retirement,3,0xf49725118cb0707b8706ffffe895f3ab16da7777;2pouN3by7twkiZGy5aEKYUpf78ALDpKRTNu2WsQkpkqt;0x89da5167eb1a0067f9b3e39a544ef8d4b9c41e18,64219.96019842349;884.4418635361798;6136.350299987904
64,Yummy_,Yummy_,,,,31294,242463,201,1261,44,3,5ipgAQ2s8atHvGvHEgjSLL4H42qgr286zt1wDneCJBCm,0xe16fdf5bf520ec6a23f1617f2b6d25db719fe25f,True,,False,2026-08-27T17:12:23.731Z,,time goes by,3,0x385f4f8ae47651ce5f58f5265395a669f8281e18;0x9d18da941e737cebb954cf92805f506b2be8f705;AtvXWcq8npV8CXtQzMpM3Ky7UibyZ4nzbgbd4SJdpump,179412.44839127033;32.86308669876023;18.410698946366622
65,404flipped,eq,,,,31122,1314131,190,7360,25,29,CrCAvyQ78362N7ar7frofog2zyTphdMrUUXZerACnKtT,0xb5a0448d1ff740186ff625ff96a27ceabe85511e,True,,False,2025-10-31T04:33:37.753Z,,only use this to buy then sell on sides,3,0x385f4f8ae47651ce5f58f5265395a669f8281e18;0x3df3644bcf4ce0d993e18c86c3080e53bfea06f1;6V7cF52p3eSkRuoVXnAryWVwoyS775DERenYPMMYBPxS,352004.76071313274;9768.012039994786;3247.089610099785
66,ernestscribbler,ernestscribbler,,,,31046,49993,20,30,7,4,,,,,False,2026-08-02T11:15:29.945Z,,,3,0xf49725118cb0707b8706ffffe895f3ab16da7777;0xb0c2ab5af4028461ace3f6e1c33a4ee1404e7777;0x16391c40e85fb2246a2c8c17bfa2594c5d3ef84b,70163.82850288453;2495.134064538608;10050.566320417576
67,flynet,flynet,,,,30830,128465,75,322,6,7,EkSHF4jyhsAYgnudXHdgF35PEY7BCs9aBC5EbWwkE9mz,0x8db175b53cf2793b223977de87fa3ed593605f92,True,,False,2026-08-27T05:30:39.303Z,,,3,0x385f4f8ae47651ce5f58f5265395a669f8281e18;0x5d6ef090a1461b11c9427ac319260122d1c61e18;0xc35968c7f5475bb03a43c7382526f4118e01c0de,178192.8744380326;7037.40248019;4274.728065364034
68,KCh8,KCh,,,,30698,227468,773,673,38,29,DfJBPBiotmuHZa97ja6z48RPZhXBoYC1zThJvxcjwWNS,0xc0c6d68241646ade8df5704f9282b089ce559188,True,,False,2026-07-20T22:56:22.268Z,,,3,Ai66LHZG9MCzg1WKdawwqduVAXpNDUuV8M3uyq5ppump;0xfe189e97832da1573e4e4ff034f4ffc3a15c7777;0x330990dae53bca4c5811c5362b44c33a47db7777,111035.24299176643;10475.476238794246;2108.883981306367
69,NOFUTU,NOFUTU,,,,30479,77219,8,31,5,1,,,,,False,2026-09-10T04:18:54.483Z,,luck doesn’t exist,1,Ai66LHZG9MCzg1WKdawwqduVAXpNDUuV8M3uyq5ppump,103469.81786029162
70,DanDLi0n,Nimchimpsky,,,,30194,44936,60,46,16,7,9eYRqgkhExqZTVn5MfbEBJAtJduKkjqS9XojfgUYSbNi,,True,,False,2026-08-05T23:14:44.618Z,,CATE maxi,3,Ai66LHZG9MCzg1WKdawwqduVAXpNDUuV8M3uyq5ppump;FfFEszstujrteEmNK1SzS7CXyWiuiKUKjrRLov7eLtQ3;0xf6244c208f8b49f027d8dec102107d8fb22a4444,96884.74387523816;3.7416811255336277;3.4807721351604424
71,A8_Pedro,佩德罗研究员 | Alpha 🧲 📈,,,,29884,206338,164,460,28,7,,,,,False,2026-08-03T10:06:13.327Z,,八方来财,3,0xceebf25b318201f1f949be2fabbfcee231737139;0xb0e1b496562fd389b8f6372b6a92e476fa567777;0x29b1fb502cb4f521c0b8ab3e895a09e183a67777,54286.57088291429;4.396782181323103;430.1578900482493
72,BtheBezel,B The Bezel,ec58b22c-f4eb-4bd1-aeaa-fd1248181263,PeterGriffinFNF,,29701,5412175,1104,6681,39,45,HWYpE693cw8AWxHSynrHhUsKDbfzubAFYWpTcMZdNWKR,,True,,False,2026-05-13T18:19:18.682Z,,Hello friends,3,0x385f4f8ae47651ce5f58f5265395a669f8281e18;0x020bfc650a365f8bb26819deaabf3e21291018b4;0x3b48f83e525268c08426aaa337c3f08f501c824d,162483.06382727565;51782.057177253395;5642.6647686846045
73,stngzx,Sting,4efeaf52-e893-42e6-bfd7-2bad31d594f3,Sol Society,,28595,96212,79,336,46,8,,,,,False,2026-04-29T16:34:59.655Z,,You vs You,3,CbyTNf7UPzvewHh4Zp6umogM2RWahhmGRJWLJnPwpump;8K5X85PAJHAAVSvYaAzgVPPAPsqqHmvx16ZyBiscYF8L;0xad057c6e708ce0ac19b59c568b16548ac870c93d,47204.0750562882;14717.400591758009;479.7655115156165
74,Stavyyy,Herewegoagain,,,,28265,84719,139,126,60,13,EjbUnEHLks1iqV71nzkQ9g16eAYvsfqXgfAn7v3STDpg,0xfb134d21558d158aea0b8b26496cbae02b35238f,True,,False,2026-06-17T19:42:46.998Z,,,3,Ai66LHZG9MCzg1WKdawwqduVAXpNDUuV8M3uyq5ppump;A13oRB9FFaiUjfi6LdCg6p9ka1u8SfGkUFs4SKvPpump;CB1YQfUzgsnaCd93cZLdiX1uASW7utWBaYMUsvcwNUBV,89986.2360647477;3752.180222970097;2390.5557984407405
75,trademjs,mh,,,,28224,1036144,641,397,19,10,DR43dRNvQcvXCycAdXV6k9bdwqC5jGgwKwVMccjbaqrd,0xbe602d80b768130b0b016e34109e410d08588141,True,,False,2026-08-09T15:32:00.895Z,,,3,Ai66LHZG9MCzg1WKdawwqduVAXpNDUuV8M3uyq5ppump;3UXV8g2fqQ1NN75KqP3tYMngencsH7j5i9g4i3pVccNb;DDVUsN8sDFxbaX6gNBoD44kjZhFETWJnwAn4EX1dpump,89550.51068207347;1401.687938805102;3.2018802603510443
76,randomchud69,random chud,,,,28202,51453,21,511,24,8,32pny9DtPX1KzHy8Az6hoSozjS4Nie5vYNAuS6GRPzAV,0x34bfb5605b890d0a70ea2d987d1a16ca822cc622,True,,False,2026-08-28T11:22:25.515Z,,just a random chud tryna make it,3,7tFbGa9wt4Q4yxNAdaDcTKahv4WPrJtXh6ty7gjWyKx3;EEpng77ZPn9FbgbT4xsRjwuxNCcMBYq3HTwEscyTpump;0xd15a61723068e8dda8b4d9ede0709a2f2ed73f80,40030.868955233214;7871.929730706136;230.89595848420143
77,hyprgame,hyprgame,,,,27670,134154,19,81,7,5,6L6uVhtGTmcv1NvxcnCZXERzepPj4oVYGTGGRerpWnoD,,True,,False,2026-08-10T04:16:08.375Z,,,3,CbyTNf7UPzvewHh4Zp6umogM2RWahhmGRJWLJnPwpump;4tkupXEGfbYPCVN37CagviJd3tgWnudT9avKZvouT3Dm;0x5173d45a1191ee33cbb7d8c7e65f21b04ed54802,12106.61242743252;13310.423171074732;18653.60653798133
78,0xLordPump,0xLordPump,,,,27629,15641,2,123,1,1,2pW9U47VxeXpK4yeeMTkofABZMxMKdwc6BDvtW2hGm95,0x6eb85a6c63185bfba9783d9deb8476aa7b6c5661,True,,False,2026-08-08T16:23:33.397Z,,,1,0x168661c52e5922288dfb2b3f323b6cf90eb21e18,106731.04475875376
79,GrantLF7,GrantLF7,,,,27532,6600151,118,369,8,6,,,,,False,2026-07-09T21:35:29.238Z,,,3,Ai66LHZG9MCzg1WKdawwqduVAXpNDUuV8M3uyq5ppump;0x390cfa4fe2b49a7226411394c6fe9b21e148a4b5;0xd0601ce157db5bdc3162bbac2a2c8af5320d9eec,95919.1510651277;475.8025717561275;97.53896957201498
80,RelaxShrimp,RelaxShrimp🦐🐈,,,,27474,395678,577,361,98,6,8iUjQmHfoo9BTqh1SqcRywSHDJu9HEBkQmhQL1VNnh86,,True,,False,2026-01-10T04:21:39.590Z,,Conviction is what will take us to 7 fig 🐈🦐,3,Ai66LHZG9MCzg1WKdawwqduVAXpNDUuV8M3uyq5ppump;CB1YQfUzgsnaCd93cZLdiX1uASW7utWBaYMUsvcwNUBV;CRrevpgVxXEq2dUZKKvbmnHUcNao8iF64uw9f4bQpump,86520.8793388963;2639.4130591331705;2.309476614328659
81,RareDualJay,RareDualJay,,,,27322,394601,223,1829,20,18,AXN4A7HNzncqzD9KGSbiSzE58vqvQmQxn8jhfYCKx9ai,0xd67d64afc4e0337613cd31bd76b69e9887b7d26c,True,,False,2026-07-16T17:43:20.777Z,,who?,3,0xaa07a0e9209e16ac99708c3ec70159c6ef3128a3;0x98096d17e191b3da1d5f99a6d7b3584351b11e18;0x6ff45323817d1d53bbb8a8dfba9245ae74057777,324838.9957118497;13301.979805880237;6106.366127275668
82,BubblyBubbles,Bubbles,,,,26308,8927,8,187,1,1,,,,,False,2026-09-04T10:27:35.855Z,,,1,0x1cdb289befdfac8af945a288bcdccc382cb34d32,22455.292769978718
83,MissMav87,mav,,,,26121,365794,567,75,110,70,,,,,False,2026-07-09T20:59:36.085Z,,,3,5dvXTZ5qwgafnHtwu3Ls3QrWx1U4LQsFeCuJgkk4QEC6;Adgt7dseCq71eN6GDuoUgpsNQp81ZNhq24nrF7pxpump;4MMQY9bwkxxTtsK3W227Q5ABT6yFY8Pmn9Ze7wmAXKY8,1020.5894805315087;40071.51515429662;0
84,OmakaseOnly,Omakase,421f1b09-3f5d-44f4-9350-69c94b3a922b,mofos,,25979,1322253,323,2858,66,13,F5MYbjEATQFD6rxwdS2zXzEHBGuUhSGvJkUhLFAcr4hv,0x6802190b213325612bc709b4972f7e6f408456a9,True,,False,2026-08-26T01:45:23.931Z,,,3,0x63ee32ac3077d1fbd8a77ebba2a6ed4b8e9c1e18;4MMQY9bwkxxTtsK3W227Q5ABT6yFY8Pmn9Ze7wmAXKY8;0xd6fde6a3fc6ab2d83b2be58383944ca1bade1e18,41418.85659413336;47940.17723825343;11015.18634810676
85,JointCoralStoat,JointCoralStoat,,,,25758,61090,24,147,4,3,8V399mm6Bj4F6ZX2EjJD61RZfhmnPBuTF7QP2eq3dPih,0x05046c09c666fca6f220f9078233fba17492424d,True,,False,2026-07-13T09:35:13.923Z,,,3,Ai66LHZG9MCzg1WKdawwqduVAXpNDUuV8M3uyq5ppump;DDVUsN8sDFxbaX6gNBoD44kjZhFETWJnwAn4EX1dpump;6YCYaiuXQubALutWr1eJB8HZ9i72hpTKgAvjR6qzpump,83069.61412353149;4.514277691500981;2.743781780224484
86,jparkecom,John Pork,,,,25679,1203134,112,168,21,3,,,,,False,2026-08-15T21:51:13.522Z,,,3,7vSG4GX8qz5V36noSde5Z9xV8xAXAGqivDyaNytPVDJf;0x1d11f0496982706c5e14a514d4e79f2e6bde4516;0x9b8e987e6fec8cf1380c4dca7071e2c7853aeea1,20694.4534517375;23.824107796098918;34.12141208697384
87,Tiglath,Tiglath,,,,25550,42345,17,68,14,4,5b1Vtg2wpDx5jnzgKDUzwiRd4eXMaxLR4gongxpdvmYR,0x8c5ff84535c671a38b009c0bcc04b3238a788d85,True,,False,2026-08-01T21:44:41.482Z,,,3,Ai66LHZG9MCzg1WKdawwqduVAXpNDUuV8M3uyq5ppump;CB1YQfUzgsnaCd93cZLdiX1uASW7utWBaYMUsvcwNUBV;pumpCmXqMfrsAkQ5r49WcJnRayYRqmXz6ae8H7H9Dfn,82066.30814524872;64.24508642834533;13.080843175203984
88,coinbubblesETH,coinbubbles,,,,25166,197733,1054,2458,21,39,EmFL9SjAX8QHHfzdoAYaGJ5c8hiQ34zHRLDXrCdMubsP,,True,,False,2025-11-20T01:41:49.349Z,,,3,Ai66LHZG9MCzg1WKdawwqduVAXpNDUuV8M3uyq5ppump;5dvXTZ5qwgafnHtwu3Ls3QrWx1U4LQsFeCuJgkk4QEC6;0xaa07a0e9209e16ac99708c3ec70159c6ef3128a3,86796.39565563019;80.4596763073264;7.7540321596798565
89,HMC20080220,Dip,,,,25078,68538,141,247,7,27,,,,,False,2026-09-01T07:31:21.874Z,,One coin can change life,3,0xceebf25b318201f1f949be2fabbfcee231737139;0x385f4f8ae47651ce5f58f5265395a669f8281e18;0x3d2aa79e21aff9fa97b82be22da83d3eecb09640,22182.60047153695;4301.238256400198;1052.2843527213786
90,TechFocused,TechFocus 🇺🇸,,,,25008,1524927,452,175,68,3,DvWmsWTJYRT3Hx6VCxv7FyE3QFVMgxsBcvoYj8Nv3waw,0xb9b306b61ce8bf47d455117089f85e2e0b9f9385,True,,False,2026-08-15T19:02:18.997Z,,In it for the tech. Views are your mother's. DCAeon the SPX6900. It only takes one.,3,0x385f4f8ae47651ce5f58f5265395a669f8281e18;7mNnmMKPiC4ZrrRQreU2qrCiJjBhA3c6VuMhrYnKG78c;0xfd0bb211d479710dfa01d3d98751767f51edb2d9,88410.01902152962;1704.0743069233056;2.3679244281666962
91,RK222,RK222,,,,24788,25706,271,169,12,2,,,,,False,2026-07-10T18:45:38.023Z,,spacex farret 5M mc saturween 1M mc,2,5THtNEGTF1y67eRWvcgz3MomDZePCVx1xdskHHeCpump;HXuinymFnfjaiM4LkaFDLvvQ4a1WL5qoupdyUGtJpump,32902.54416889093;36.20534266298622
92,nftimm,nftimm,fb994499-4749-4c79-8f71-8290824c5ea1,Kairo,,24564,1496757,858,1080,22,4,4pYEFjkYhRWbgyAxRwB8T7LceKRoocntUd39o2SDFPgo,,True,,False,2026-01-07T16:50:08.912Z,,narrative trader buy and sell when I want  no complaints if you’re following. You lose too much money if you have to worry about  everyone else,3,AGi2s9zPRPHs3zEDPhPTroumTEXK5ufymYSfEFndCSSW;0xe27501d787d647cc82a5b4a7eafd5750386f1b77;55VWo7QQpqfYwratKUZHhSSnSghyTVCJx54yNoWVpump,22372.61881533522;15727.068392082483;8935.723607591202
93,man_donut_,mk,,,,24531,486293,265,168,215,14,3YWoB396ZFuhqCdASM8NzhyBtB1rMTZC7ZULSKEnRenf,0x0c99772d1b0310ab485b943433067836cdbf7355,True,,False,2025-11-03T23:45:25.409Z,,,3,0xa6af0cea8fbc93e1eccc00f1fdd9a0bba251fee1;0x89d8cb38067b55f820f29a9e12d0ce18682a2bfc;0xe9e5cfdca8fbee1f68a7c92d7316331d1aab5fb9,18378.05383948981;20516.38401481556;7904.741882652931
94,PureAdoption,PureAdoption,,,,24321,565335,24,284,2,1,7A9honxDpwRQ19oPfyiv1Str2d9av1H59ZiBx6P2wsNL,0x6b41db9ebd53270901abb21642a900ccec239214,True,,False,2026-08-10T01:41:08.236Z,,,1,0xaa07a0e9209e16ac99708c3ec70159c6ef3128a3,222641.08022310698
95,Minty1xx,Minty,,,,23862,23391,17,80,9,1,Cw28JvNGKWX3VrEtSyLTJvmeskbcH5bJjEy6mGjAeopi,,True,,False,2026-07-23T11:43:01.253Z,,Believe in something.,1,Ai66LHZG9MCzg1WKdawwqduVAXpNDUuV8M3uyq5ppump,76620.59304486166
96,MrBlacky,Blacky,,,,23471,230149,277,949,14,20,,,,,False,2025-10-26T14:16:43.780Z,,On-Chain.,3,FCHoGT2WULVh2Pcn1934xtqv1UYEGtNGJxgGENZ9pump;0xd9a7c54aaa577a9f1ccca35a89e42ecb77e6ffff;0xcc07fc68826580230a133c8c08bcab54b3c97777,1307.670925679818;2.1019743373461686;103.7559326894376
97,BenryBenderson,Benry,0db55306-7310-4ff0-9390-62f703b029de,SlowpokeFNF,,23256,1698251,254,1598,172,5,,0x1d423eb09e00317eb237c0584b096d0f4ab19af1,True,,False,2025-09-15T03:04:30.335Z,,-$100k to 0 challenge,3,0x385f4f8ae47651ce5f58f5265395a669f8281e18;0x4eb990547bce4a982432ca88cf5fae7eed1a2d35;0xc48ad687af64a37b7fe85a4953a0a4da203684ed,176228.2537562705;20837.735272781494;2.730210894245319
98,ISellTheBottom,ISellTheBottom,,,,23058,552512,680,167,22,2,CdxJzxY9PSq7JpF3SGmfrtqKvtjVD9EYXQy5WhaEESkc,,True,,False,2026-07-20T01:32:35.902Z,,,2,Ai66LHZG9MCzg1WKdawwqduVAXpNDUuV8M3uyq5ppump;0x4a0e65a3eccec6dbe60ae065f2e7bb85fae35eea,73887.31007625248;30.16315082599576
99,Payout,Payout ON YT,,,,22939,13170,193,189,5,3,8Cdk3ya6T9QSegfiEP16QZNDZtdEZhseoFj7eWNfS6FD,,True,,False,2026-07-26T18:57:48.053Z,,time to larp,3,Ai66LHZG9MCzg1WKdawwqduVAXpNDUuV8M3uyq5ppump;So11111111111111111111111111111111111111112;GvUCjmWSXA5hrTh9smmNA1AU55YCtP9mDLQcrKA1pump,75691.65702897139;2823.636459795026;1636.8809257138485
100,OnceBitten,Once Bitten ✌🏽,,,,22636,0,1,235,65,1,,,,,False,2026-08-20T15:16:55.253Z,,"A little bit sweet, a little bit street.",1,0x23a2847d772803f9efc64b4277b782b06296fe51,152903.2144874755
101,AIR133,AIR133,,,,22281,255548,22,50,13,15,,,,,False,2026-09-11T21:33:26.173Z,,,3,7vSG4GX8qz5V36noSde5Z9xV8xAXAGqivDyaNytPVDJf;0x860412a94963ef92561e79b2f91073e194670125;0xe2324ff2a59f8ecba8c321c6466e59121c00e795,60044.76148883813;309.98147946498807;27179.417230305968
102,rhymic_base,rhymic.cate,,,,22125,136743,23,43,40,1,BehjMwVZw8n9ABgidTJ4maFdN9f1vcW7tew6AGJhXutK,0xb35c40893f83e692ab69613df2541b0b41b2edea,True,,False,2026-07-06T17:09:21.228Z,,CATE is for people,1,Ai66LHZG9MCzg1WKdawwqduVAXpNDUuV8M3uyq5ppump,73200.29045769514
103,longlivetheSNS,Councilor.eth,,,,22049,688162,107,182,35,8,2hwK4VQDHw5RHbpWk5Sm1kfyhEvC4KRxs9mVt36QK2dC,,True,,False,2026-01-30T21:01:41.965Z,,Former mog trillionaire.,3,0xf49725118cb0707b8706ffffe895f3ab16da7777;0xa26992c4268a8a78a4d872fe4bdad2ed03ac287d;0x113d68c8cca4fe5ba25f49c00784079d168e7777,45148.85477437259;5528.187445249828;4714.714697760961
104,Dhill0705,Dhill0705,,,,21905,499052,243,29,2,33,,,,,False,2026-06-23T01:12:29.441Z,,,3,Ai66LHZG9MCzg1WKdawwqduVAXpNDUuV8M3uyq5ppump;BaBeW6hdxDSenERN6JcxLY9v27YnZqaAQYWuscUjpump;0x385f4f8ae47651ce5f58f5265395a669f8281e18,70957.64139116791;9.326322456153939;1301.4930910712417
105,xach,xach,,,,21876,519290,826,473,24,8,CjCRCtyHTEefhEtDkE11veeMRzDrEzjXeYbWCfiZZfHa,0xad5aa7be986806ac5d931864544452e3cbbb54bf,True,,False,2026-07-15T15:40:27.030Z,,$CATE,3,Ai66LHZG9MCzg1WKdawwqduVAXpNDUuV8M3uyq5ppump;0xd270d4e1ec6e6e0d28c0ecb8be966ec75997ffff;0xd7321801caae694090694ff55a9323139f043b88,99283.38204450569;4881.425240564791;3692.638101313086
106,MattK59724028,MattK,,,,21857,505202,114,42,12,6,,0xceae162e7c0461577ff04303ae3aa844f69d2d67,True,,False,2026-07-30T03:35:25.575Z,,,3,Ai66LHZG9MCzg1WKdawwqduVAXpNDUuV8M3uyq5ppump;0x9ca1cc0c90d97b4f36c5e2232d4fbd705a73c65d;utsTit2EhoXGHc7iZ9TfFfCvQPX1BKjfE348mwJCsFn,64805.081691828316;339.2316308617813;4.6853147654006015
107,NobleBraveCobra,NobleBraveCobra,,,,21593,891538,41,32,27,2,2gZAaWrLsRo1ibtTStXoqxUNyiKCdACnWVyjig8GcJ81,,True,,False,2026-08-30T17:09:49.763Z,,,2,Ai66LHZG9MCzg1WKdawwqduVAXpNDUuV8M3uyq5ppump;0xff080c8ce2e5feadaca0da81314ae59d232d4afd,87808.76670785609;4.153887031106257
108,funkid,funkid,,,,21579,546133,217,54,13,17,AC3ayJH3FU41z9AFkVwqJ4qcnB45xdfYkDRWYYzpp87f,0x26917cd60fef8bc90772fc1a5abbf024c9f139bc,True,,False,2026-07-10T18:50:44.776Z,,,3,0x0d257ca40d40090be60c2d2ed5bb3535392838cc;0x5ab000ff9b9ffe0349ce5ffa5fd86f217c3680f5;0x5a86828efd322bfb16d93cfed16ee9bc14940d7f,67014.80753107205;2624.341993628126;5657.271878287035
109,herakles,herakles,,,,21431,119452,71,48,19,2,,,,,False,2026-07-23T11:52:04.119Z,,just making money,2,Ai66LHZG9MCzg1WKdawwqduVAXpNDUuV8M3uyq5ppump;E4Ap4icMLwKot8rkkTbq5JkS5kZxt5XCE3yfxbzYBjHx,72314.41947359269;1871.279109712216
110,pglpiguet,pglpiguet,ac478b54-d111-4674-a283-9cb739a9ce5c,TitusTradz,,21414,514411,1023,3667,39,6,8MKihxyYQefCj2bHhQ45MtATwwS5hKUh3r8fB42sp9sR,,True,,False,2026-07-23T02:49:31.525Z,,"🤝 Say it with me, scared money dont $     ,     ,✔️,✔️,✔️,✔️,✔️",3,Ai66LHZG9MCzg1WKdawwqduVAXpNDUuV8M3uyq5ppump;0xd7321801caae694090694ff55a9323139f043b88;0x6ff45323817d1d53bbb8a8dfba9245ae74057777,74379.36785092455;410.371099659108;1388.0965572498435
111,bigslime,BS,47e167b6-14e0-449b-806b-c8476afcc724,Tech Dungeon,,21406,4142909,4561,4178,195,75,G1F1iCMMVgnXLumjhCXKE1SFUn4xPK5SHSusWdx8a9LA,,True,,False,2025-10-19T07:40:31.119Z,,With my specialist ability I use 100% of all types of Nen,3,0x126f5ece91d971f8ad62fa4fc1054456b8bd1111;0xc7db9a7034d061feca50f0a25636bcc83ca717d9;0xd9db30bb0d2b8d2eae3826a1372117e058791e18,26862.762984387246;18784.436888031792;515.7316055091821
112,LeftTesticle,LeftTesticle,,,,21327,197111,39,83,8,4,9n29Tj5ktadmtJAm1yxRWGQY9mBNhNoNMZ21YsYkbJTh,0x0a8bccde10ea22c5c0f9d7c1c33f76f8a063f9d8,True,,False,2026-02-10T14:42:12.421Z,,,3,0x89d8cb38067b55f820f29a9e12d0ce18682a2bfc;0x637f5f09e59ebf0a986cddf886e20628e4860f3c;31k88G5Mq7ptbRDf3AM13HAq6wRQHXHikR8hik7wPygk,15722.827109943006;2700.044746228045;44126.98576618443
113,Renenach,Renenach,,,,21173,1365792,445,92,40,100,31Nh7nJT5XyPwj8MXi8W9oCiNqAic1J5eXnxTp4KJsDy,0xe8e91c28821608fb36febc1837f0f6659d56d148,True,,False,2026-07-24T16:53:08.083Z,,,3,5dvXTZ5qwgafnHtwu3Ls3QrWx1U4LQsFeCuJgkk4QEC6;HcRLc9VDgjLeK154xDawfb1dmVJ98DoSqcwTHGqiDeJR;0x89d8cb38067b55f820f29a9e12d0ce18682a2bfc,1867.8822872405983;3144.238141475382;1355.9242655830049
114,prevaile,prevaile,ea30cc45-bc73-40d5-b909-9d2f49f9bace,WAGMI,,21055,8162423,2675,1597,139,4,EzKDs32Qd396gg48HZKGibvfAdS27KTmcCfdEp6euSLt,0x4ed7402f8e7e9ca685d24997360d656695836bde,True,,False,2026-07-24T23:19:11.901Z,,We might make it,3,xyz:HOOD;0xf1b266c11f68bc936f218ad20712c4feb3e61e18;SH55hfaipFAbwT42nQYhRoM5o5t61QpkmJ6p62vXB3m,0;40.94406082253559
115,TopSillyBison,TopSillyBison,,,,20754,204848,65,153,3,10,93ktKLXDbeAR9YD4NKUF7HFDHLVr2WgeMPQSLDZqnAJ2,0x88dea407f56780ed276b659f3618e3d2f3990c00,True,,False,2026-07-31T05:19:43.243Z,,,3,Ai66LHZG9MCzg1WKdawwqduVAXpNDUuV8M3uyq5ppump;0x6245e67affa44a23077f0ea7f981a8dc743a0c47;0xd1e92ba7c7355c2698addd894919cba198601e18,72541.10098977995;17761.59767328624;9981.944768603324
116,cake_,cake,,,,20706,395016,86,70,1,6,,,,,False,2026-08-11T17:26:33.549Z,,no gake just cake,3,Ai66LHZG9MCzg1WKdawwqduVAXpNDUuV8M3uyq5ppump;So11111111111111111111111111111111111111112;0x46ceefda28dd7207059ed19b0acdc026955bb15c,72432.87034862328;3.933140613261056;10.281446446339213
117,ericaarnio,Eric Aarnio,,,,20605,568392,75,33,15,3,m4ZGojijKfUgbHixF1m9TWzCEZHj6nH82iHtqR5udwW,,True,,False,2026-08-27T21:07:22.300Z,,,3,0xf49725118cb0707b8706ffffe895f3ab16da7777;6HXapw3GPXDfDTs64QeYpUhNfU2UmkLG9UCw4x3wpump;0x7130d2a12b9bcbfae4f2634d864a1ee1ce3ead9c,41811.84413050484;4.757035632057933;0
118,MuddyEarlyTern,MuddyEarlyTern,,,,20423,3702070,46,236,1,3,5B9YG9eutctcKc2AQ3MmC3kUHqAizVpsXttXJDfxhg8t,0x0f30f41a5dd7e14fbcddad5c345eefdd7418a7ff,True,,False,2026-09-05T08:05:56.581Z,,,3,0x385f4f8ae47651ce5f58f5265395a669f8281e18;0x98096d17e191b3da1d5f99a6d7b3584351b11e18;0x205812cdbed920aff76c6580abd681a46d11efc7,99624.13003989766;118292.58251651465;30.079299848821748
119,VeryUpsetMacaw,VeryUpsetMacaw,,,,20395,135764,7,15,3,3,,,,,False,2026-08-27T00:10:07.788Z,,,3,Ai66LHZG9MCzg1WKdawwqduVAXpNDUuV8M3uyq5ppump;0x2ab8a4dd2191989ac2898006df350b236d2b7777;0xbb4cdb9cbd36b01bd1cbaebf2de08d9173bc095c,75272.2519241905;11339.86050366504;75.80640207307441
120,JustJolo,JustJolo,,,,20365,298128,316,745,18,34,,,,,False,2026-07-03T00:31:55.688Z,,Kid trying to make it big.,3,Ai66LHZG9MCzg1WKdawwqduVAXpNDUuV8M3uyq5ppump;FtXH4AAgR8KMBR8zDfTfHnYdSStw2Am3iwq8TpoHpump;BCFffeVdfad5gCpuVXrnq5WAAuGLpxakM3z3zfB1pump,65356.873978858224;2.546283783746415;5.125689592016969
121,0xkrishb,Yuri,,,,20331,1367772,180,708,31,19,KAwQ8gunio6QUUJM1Nz1AwUTa4ELPC1yoBo9JwTpAdT,0x6461e9a90ffdeee8ecb3eab312ce6e65d25adee6,True,,False,2025-10-06T23:47:18.064Z,,you don’t know what you’re doing || bozo,3,GtDZKAqvMZMnti46ZewMiXCa4oXF4bZxwQPoKzXPFxZn;BANKJmvhT8tiJRsBSS1n2HryMBPvT5Ze4HU95DUAmeta;0xab35d04e1ee39c789c4a65d522417b3c7f2e4723,19718.365335005954;13675.412088308525;3504.724373425122
122,six_seven,sixseven,,,,20271,222250,286,57,35,2,,,,,False,2026-08-21T23:43:39.895Z,,FOMO? absolutely. financial advice? absolutely not.,3,0x0d257ca40d40090be60c2d2ed5bb3535392838cc;AqoPZcUumKUBHrnfBsNtoNuneYEjoimaiWYq8GH8gpX9;0xf7d77243fbd0413a6528edc275b09d31c25cb201,49699.7739670576;2476.6921594774117;0
123,Ckoptimus,Emperor Prime,,,,19999,1882237,231,6725,37,32,2sR9b1yBQKwoyCYTSHAsdV7cWMEU5E7ZdpHWZDqPB8Kw,,True,,False,2026-01-27T17:31:15.125Z,,Optimus Prime,3,0x020bfc650a365f8bb26819deaabf3e21291018b4;0x385f4f8ae47651ce5f58f5265395a669f8281e18;0xc1a0c3929f5e12b5cfd6ae36f197a45bedf79417,153820.82245901073;163552.68193936814;6341.895670134325
124,Pote_korea,Pote .,,,,19937,1073347,266,4382,1,65,37uxdqAjvo7g2p4nWUQFJe8c3tgvRAb3SnNDr6Vtu6t2,0xf3d0a15cb8fb0be35a02acd5404fc2a55d4bb2e6,True,,False,2026-08-08T19:49:26.092Z,,A scenario trader based on delusions,3,0x56910d4409f3a0c78c64dd8d0545ff0705389870;0xfdf085fc400504ca734e9ef89c68d2b98e604c2c;0x73114abd7dcf37000d90d8de9fd1de3957b17c04,425686.76804434677;4008.843065370545;1802.5128917983102
125,padbaq,padbaq,,,,19887,115456,194,49,88,5,7kHcaeF9cGxmAkRetMKrWd5P4Fi3y7jqvbnFC8CmCjDV,0x7f17b72eef8ff845353b7497903177de28444856,True,,False,2026-08-08T03:10:53.204Z,,Powered by pure adrenaline and questionable decisions.,3,Ai66LHZG9MCzg1WKdawwqduVAXpNDUuV8M3uyq5ppump;0xb0c2ab5af4028461ace3f6e1c33a4ee1404e7777;0x385f4f8ae47651ce5f58f5265395a669f8281e18,66903.90692492464;2296.0006920030273;483.5978256411547
126,amjad96359684,amjad,,,,19871,402035,117,77,6,9,2E6MhzAphgPd9HwoSKjDmaEu4aeNX4mrtV8hAqBeKoWT,0x9b638f41d5fec070b09233e7b6036f287daad525,True,,False,2026-08-04T07:58:03.965Z,,,3,Ai66LHZG9MCzg1WKdawwqduVAXpNDUuV8M3uyq5ppump;F5EnbfqXgPoApWp85aTFZ2SeuYoAEeG7gCXbsZB5Gch4;BjMRQ5vksXw8eAsXPe7VuLv9FMA5XmP6QQ9znco1pump,63831.96369402977;26.697803969448245;2.1174602682831107
127,CleanFineCamel,CleanFineCamel,,,,19857,109073,168,48,4,8,,,,,False,2026-08-11T17:14:54.891Z,,,3,0xf49725118cb0707b8706ffffe895f3ab16da7777;0x7fe995a80075df3dc8ae11a9b82c7fe4202cd87f;0xc72f232a6869e6cf34dc06129affd07f8a2a246a,41212.91692155226;1573.780422045514;2199.780375153397
128,XVentures,X Ventures,09ba1543-3915-4162-b0d3-d5e7df389cd8,XVentures,,19771,2038504,178,37316,77,25,DrxBsUd3ufx9Q8kc8Zts1SAavMccrAJcwrFzLf77d9o1,0x274a38d48225256add28fb78c5e22df1fcacced7,True,,False,2026-04-27T13:13:49.493Z,,Degen Fund Manager of X Ventures,3,0xd34a99bc0f67ae1bbd63c660e6d0b0dd03e263b7;EmcxFTNVDqyLHp11NvwvLZ4D7LKGbG9i7B8RF7dwpump;0x496a80191addd80dc7c04728dd57fc519712250e,70808.26724890663;23453.1354532981;1978.621842714401
129,jerrywins,jerrywins,,,,19640,297501,111,485,39,13,GAtUYykKvaoVg4ix7rqSBCPdKeHye9FERvvenTstQv4J,0x7ee1c2321f233d7780e08f928a38a8546adb5719,True,,False,2026-08-24T09:10:58.615Z,,crypto since 2016,3,0xf49725118cb0707b8706ffffe895f3ab16da7777;uuxWwFL6G9UjiYRZvWxJrSB18V1oKBgYrmueamREK57;HHig4peAgZqdAV17XuuAdojYSYLhsctjTEvT2kq9FkNA,43352.65979925221;218.59448015367795;1861.4832001416385
130,OttoPK,Otto,,,,19627,713265,152,292,9,10,DAz6dm7DvJtCy3H9XauujLtwBwzAG4cJtGdWNF6EYY42,0x2162312a4f0c387e9b3d4134d734168ef6b9d8d0,True,,False,2026-01-30T19:05:16.744Z,,inshallah,3,6ssGtD5KUhzrENtn5BiEdTt4tcb6sfn7wPHRJyBYsp7N;BH6h8CK59aRkEoKLSA4evwdpGL6Sdgja8mn96SSupump;0xe2324ff2a59f8ecba8c321c6466e59121c00e795,888.2626145241361;1469.1126780422326;7672.260469486447
131,Rezgar_p,Rezgar,,,,19524,1294551,1395,939,883,23,Cup6qqJD5ZwUQNBdMTj1hxbc6h7bFsFSAf7veAWuWfom,0xb1baf9fc21957314fdb2ddc3e5863a2fa0d69f70,True,,False,2026-01-31T01:26:08.721Z,,Be like water.,3,7tFbGa9wt4Q4yxNAdaDcTKahv4WPrJtXh6ty7gjWyKx3;9MMXQQhhMhA4yWeTuiv7dkGTeCMzKCGmfmWgVD3ghYn7;0x63bb45894b6b3ce6a3828d365ad109d76a637777,16189.609842189566;237.79879445397174;562.6540636936007
132,Peebs,Peebs,,,,19394,618163,559,87,16,15,,,,,False,2026-07-20T18:09:35.934Z,,scalping nothing more,3,Ge87EtsjwRQbHaqQmKRno69RFTwh9bfSsm99XNxTpump;0xe9bc5c6a86caa44fd7b469bf3cc7c563e4f77777;9cRCn9rGT8V2imeM2BaKs13yhMEais3ruM3rPvTGpump,341.45940392128057;2695.512655591954;8848.028582203677
133,unemployedpoor,Poor,,,,19018,154209,15,14,28,7,,,,,False,2026-08-31T08:07:45.907Z,,,3,Ai66LHZG9MCzg1WKdawwqduVAXpNDUuV8M3uyq5ppump;0xa26992c4268a8a78a4d872fe4bdad2ed03ac287d;0xb97d9e5ad6244d27588fe0a624a8c78e512934ee,68480.01925725871;3835.4665812575736;2238.07025081592
134,Cody_Ingram90,Cody,,,,19003,10053,23,125,67,5,4n2pKZmXFxhJ1iVsUKh3as38ifqnYecTqXaPSxCY9LyD,0x5bd389724a777227e14c3361bbf94b48ca74b4a2,True,,False,2026-01-02T00:45:31.751Z,,chillin & fappin,3,8vGr1eX9vfpootWiUPYa5kYoGx9bTuRy2Xc4dNMrpump;ACtfUWtgvaXrQGNMiohTusi5jcx5RJf5zwu9aAxkpump;0xdb44179ae5b7d25ef913035e9408d44b630da69b,79309.03763787395;2419.211038757958;328.9169329347646
135,0xalwaysonchain,0xalwaysonchain,,,,18900,1236647,306,650,105,54,4AiqbF2iYY27ZCkmtLWDuCo7dAPbZCTtGxM1A4hUqU5Y,0x61fd80d9336b3078e789970374b1765b8c916915,True,,False,2026-06-30T12:09:09.163Z,,roundtripped mid 7 figs during base szn 1 year ago  grinding at + 6 figs total port  lets hunt,3,0x56910d4409f3a0c78c64dd8d0545ff0705389870;0xab528169dcc80d68837a33b1e2b866bb7d7ee301;0xf40592daacb3e5abf358789f5688c0b4f64d7777,54647.2716482991;593.2004741654749;131.62392950924118
136,scribbler,scribbler,,,,18835,93430,31,36,19,13,,,,,False,2026-08-07T22:06:49.402Z,,Rare Pepes,3,0xf49725118cb0707b8706ffffe895f3ab16da7777;0x12d5ee7917ca430073c3a638ee1e6f0648a98a01;0x0c107fe1f22395b0ae206af6ca9d7075f12502c2,40993.11977206768;1567.1205246437357;134.36316945437133
137,meowmeowmeowmeowmeow,meowmeowmeowmeow,0db55306-7310-4ff0-9390-62f703b029de,SlowpokeFNF,,18768,324095,68,863,0,32,GMqroCnksrnnJcgW8aj9nZP1rbxQSbq5Urcnnyi6TnAQ,0x4675c94dddbbfe8f644654fd49c73293c47b0be0,True,,False,2026-08-21T22:26:50.074Z,,,3,0x59dd61695ec7a5b11945dec2096be1f616200c4c;7vSG4GX8qz5V36noSde5Z9xV8xAXAGqivDyaNytPVDJf;0xee132e984cafa9525a511e2033a1ec53b9f87777,66851.9091303;29007.648909346124;341.14410445774797
138,chudzinski,Chudzinski,,,,18705,668901,108,142,19,11,,,,,False,2026-09-01T04:38:56.151Z,,kicked out of NCAA for trenching,3,HcRLc9VDgjLeK154xDawfb1dmVJ98DoSqcwTHGqiDeJR;CbyTNf7UPzvewHh4Zp6umogM2RWahhmGRJWLJnPwpump;8eaTKu3hpJwaLQbsVbUjAVt1CPCvwP3PfYHP8k5Ypump,45050.32351717907;42374.114519887335;154.97971289417973
139,DueCyanAsp,DueCyanAsp,,,,18536,2265503,83,56,12,5,GKpoLtixtnSdMujL5WSZgdhizaskuQUU58CJhbeP8j5k,,True,,False,2026-08-07T06:33:51.105Z,,,3,J1Wpmugrooj1yMyQKrdZ2vwRXG5rhfx3vTnYE39gpump;EicWvteVi2fWepEzS3FYWsnuPoP6caZfjnKqNvydLjCH;taoC6xyv2v8tDLcev4uaGUgV4vdQsWJrGft2kcBRrBY,70891.06197248578;21.82449563043065;16.24751595350283
140,probablyinsider,numero,75cefc60-e6f6-4189-8073-18e7cb37db5d,Dabal,,18474,1344723,1398,7027,47,55,7XUAo3ugnHFtUgUamYB2rxhXPDCgz8zSbTausvriAs3p,0x453f238a896538ca9560004500af1392c7889875,True,,False,2026-01-31T04:52:21.090Z,,my mom says she's proud of me,3,PerPsCe2SJ7Q25CN4R5TTX4fmBdmknE2hQmqCt96fHL;5uoAcnREXaVUwG2V7PnoA6fKy4EdAar5mChr3Xh5wig;0x3305fe37029e8d541c7fa1f0525bb3e7144fab76,28707.380911912474;447.38549221171223;97.48714886108125
141,slowcook,slowcook,,,,18366,161613,92,100,8,10,GotaWf2oQEqtG8T2QRwRW27pg5W3g7NxMbMqTqhKh5q5,0xdbcf1a3de91486d3079c0cb06b7437e5778ac5a9,True,,False,2026-07-10T09:52:23.338Z,,,3,0xf49725118cb0707b8706ffffe895f3ab16da7777;Dz9mQ9NzkBcCsuGPFJ3r1bS4wgqKMHBPiVuniW8Mbonk;0x113d68c8cca4fe5ba25f49c00784079d168e7777,46439.13596178107;36985.48746977061;3333.188827129168
142,dawslulu,dawslulu,,,,18231,1968243,157,100,3,8,7RNamc2bKojojSvd2dEH2ALvk9Xx5Ni2zKeWCB67bDcy,0x3804a85597ef39efec762a151c4ddfff28b779c0,True,,False,2026-08-27T22:06:27.126Z,,,3,0x26becab467bf74a3e09c095c30427acbd6544608;Ai66LHZG9MCzg1WKdawwqduVAXpNDUuV8M3uyq5ppump;0x59dd61695ec7a5b11945dec2096be1f616200c4c,189118.81051958955;99118.47404867718;66851.9091303
143,Autisticwhale,Autistic Whale 🧑🏿‍🦼‍➡️,,,,18195,2308774,537,99,63,42,,0x42d3da8a60fef192c590dbe14be75d236db6be7a,True,,False,2026-08-23T04:43:07.188Z,,Autistic Dj Extreme Parkour  Professional exit liquidity  Do not copy trade unless you like loosing money,3,0xf49725118cb0707b8706ffffe895f3ab16da7777;5dvXTZ5qwgafnHtwu3Ls3QrWx1U4LQsFeCuJgkk4QEC6;3nqHijNUExsnjNBb15WJsJ2xisyMVGN6FK4aUgZk1Rwj,30736.039391672926;4600.533238923827;21388.29932117075
144,Maddog25or6to4,The Zodiac Shiller,,,,18188,104500,408,52,30,209,Dwrjq54hKNXggXWaNXQhKfFW9VZS4oSNQomfBnseUzVU,0x7bc4ea71436391ad4dfa15ece18f5c59e7a5980d,True,,False,2026-06-09T12:18:40.706Z,,,3,0xf49725118cb0707b8706ffffe895f3ab16da7777;FZqdw6oSDCbHtKYxmhnfbi97SnyVy8jaYpdCoMrrjKa2;CFNRDaxFcvRwRSNnA5cHrCCr6AHhk9dNkHWpRUjNupFL,36368.5112854314;176.49244143308238;1975.2156924910223
145,abuhajar1992,Hei 🐈‍⬛,,,,18047,4103,118,286,10,3,4s9syh2a68oUBxQCHzHinHRkrYHEGNUErAUsqMVDcR1n,0xEaEf7a7187DB3Af7ae5c7ee6F69A5A0D688D9778,True,,False,2026-07-28T10:06:05.673Z,,"18 wheels nah, but this shi a big body",3,Ai66LHZG9MCzg1WKdawwqduVAXpNDUuV8M3uyq5ppump;So11111111111111111111111111111111111111112;0x17c35105dab9936f113af60f3bf74783caf08301,57849.5326754974;404.9411978646615;6.925375602360461
146,blockchainz555,Blockchainz,,,,18023,2122006,1128,546,314,11,,,,,False,2025-10-23T03:58:05.430Z,,attention economist /// do not copy trade /// not everything I buy is conviction,3,Ai66LHZG9MCzg1WKdawwqduVAXpNDUuV8M3uyq5ppump;CB1YQfUzgsnaCd93cZLdiX1uASW7utWBaYMUsvcwNUBV;6V7cF52p3eSkRuoVXnAryWVwoyS775DERenYPMMYBPxS,54155.35861540108;11396.187293481267;1777.6181063852937
147,stekisteks,///Steki🧲,,,,18001,29898,42,238,15,5,,,,,False,2026-09-06T15:59:46.564Z,,JUST A WASHED UNC W/ A SH*TTY APE PFP TRYNA MAKE GENNY WEALTH.  FIND ME ON X: @STEKISTEKS,3,0x1cdb289befdfac8af945a288bcdccc382cb34d32;6GmAFSYs4gk3FDao5FzzySQpPZaWsa4rUJHacpMpUNgx;8RVBk8vxLiUHueLUW1f4izFVqN3nWippLhkohKg6EGkS,17775.59982766818;428.50464247643737;115.23373259031577
148,babycakez,babycakez,,,,17752,1632193,361,66,45,11,,,,,False,2026-08-25T19:14:27.421Z,,👶🏻+🎂,3,0xf49725118cb0707b8706ffffe895f3ab16da7777;0x812486eaea648819853f8e372dc9f1516c7868bd;0x113d68c8cca4fe5ba25f49c00784079d168e7777,29296.91591438723;9899.592822548035;15625.97498107732
149,onchainmogger,onchainmogger,,,,17678,368464,43,42,12,1,8LfppDkfSa5Z6uuDFJzghXqYLkHuDnHg88oUtCDv4CeP,,True,,False,2026-08-30T08:06:47.787Z,,,1,CbyTNf7UPzvewHh4Zp6umogM2RWahhmGRJWLJnPwpump,33882.59010950441
150,ETH_Exy,Exy,bf125c8f-8f99-4b8e-8fa9-675d179ceb99,CookHouse,,17402,1169601,412,9071,52,28,EyQP3HjjRmrTDu59xoXzoLodNgKvNfyNuTPdk62V8gqG,,True,,False,2026-07-03T12:22:27.636Z,,Sometimes you need to sacrifice your queen to protect the king.,3,0xd34a99bc0f67ae1bbd63c660e6d0b0dd03e263b7;0x0d257ca40d40090be60c2d2ed5bb3535392838cc;0x42afa2124ca5a2b83898e46b2da9a190995b1e18,91778.99292394928;19970.53364172099;13958.289425503179
